order_id,customer_id,order_date,status,traffic_source,coupon_code,order_amount
50000,341,2024-08-05,Completed,Direct,,129.8
50001,242,2024-09-09,Completed,Direct,,269.38
50002,187,2025-01-31,Completed,Direct,FREESHIP,274.18
50003,283,2025-01-27,Completed,Direct,,259.63
50004,80,2024-05-28,Completed,Email,,645.1600000000001
50005,197,2024-09-12,Completed,Organic,VIP25,236.14
50006,51,2024-01-01,Completed,Organic,VIP25,627.3299999999999
50007,51,2024-04-15,Completed,Social,,146.66
50008,326,2025-02-08,Completed,Paid Search,,140.85
50009,86,2024-08-18,Completed,Direct,VIP25,864.44
50010,369,2024-04-27,Completed,Social,SPRING15,207.05
50011,94,2025-07-03,Completed,Referral,WELCOME10,205.47
50012,104,2025-09-07,Completed,Direct,VIP25,445.38
50013,330,2024-09-10,Completed,Organic,,195.38
50014,313,2025-03-11,Completed,Organic,,144.78
50015,379,2024-08-02,Completed,Organic,,265.74
50016,229,2024-08-26,Completed,Social,,381.65
50017,53,2024-08-13,Completed,Email,SPRING15,119.86
50018,27,2024-12-07,Refunded,Referral,,1029.5900000000001
50019,201,2025-04-26,Completed,Direct,,475.29
50020,266,2024-10-14,Completed,Email,,301.08
50021,382,2024-04-17,Completed,Paid Search,FREESHIP,334.03
50022,380,2024-03-01,Completed,Referral,VIP25,358.34999999999997
50023,381,2024-04-29,Completed,Paid Search,,611.19
50024,262,2024-10-15,Completed,Referral,,476.73
50025,196,2024-10-04,Completed,Social,VIP25,38.42
50026,22,2024-03-24,Completed,Referral,FREESHIP,783.1800000000001
50027,273,2024-07-24,Completed,Organic,,40.83
50028,116,2025-08-11,Completed,Organic,FREESHIP,674.97
50029,238,2025-07-20,Completed,Organic,SPRING15,614.17
50030,18,2024-08-24,Completed,Social,,525.37
50031,165,2024-07-22,Completed,Social,,615.8000000000001
50032,358,2024-12-17,Completed,Direct,WELCOME10,215.04000000000002
50033,82,2025-03-29,Completed,Organic,SPRING15,58.79
50034,133,2024-01-12,Completed,Paid Search,,203.32
50035,298,2025-03-20,Refunded,Organic,,91.5
50036,293,2025-03-07,Completed,Paid Search,,349.53000000000003
50037,27,2025-03-03,Completed,Organic,,571.1
50038,231,2025-03-31,Completed,Paid Search,,634.09
50039,347,2025-07-31,Completed,Organic,FREESHIP,225.0
50040,266,2025-05-31,Completed,Paid Search,SPRING15,173.1
50041,246,2025-02-08,Completed,Paid Search,WELCOME10,447.86
50042,277,2024-08-19,Completed,Paid Search,,59.93
50043,136,2024-08-10,Completed,Paid Search,,190.79000000000002
50044,32,2024-05-01,Completed,Referral,,288.8
50045,362,2024-05-15,Completed,Referral,WELCOME10,615.22
50046,293,2024-06-02,Completed,Direct,,483.59
50047,251,2025-04-20,Completed,Social,,144.78
50048,192,2024-03-14,Completed,Direct,,283.44
50049,127,2024-03-10,Completed,Social,,475.06
50050,57,2025-05-28,Completed,Paid Search,,274.6
50051,197,2025-03-02,Cancelled,Organic,,849.09
50052,109,2025-07-28,Cancelled,Social,WELCOME10,361.25
50053,41,2025-06-29,Completed,Organic,WELCOME10,30.5
50054,210,2024-07-25,Completed,Referral,,312.66
50055,309,2024-07-21,Completed,Organic,WELCOME10,419.91
50056,232,2025-02-09,Refunded,Paid Search,SPRING15,233.64999999999998
50057,302,2024-02-18,Completed,Referral,SPRING15,99.8
50058,215,2025-03-06,Completed,Referral,,927.6800000000001
50059,213,2024-12-22,Completed,Organic,,66.44
50060,126,2025-02-22,Completed,Direct,SPRING15,364.77
50061,126,2025-03-06,Completed,Organic,,404.79
50062,374,2024-06-12,Completed,Email,VIP25,263.99
50063,63,2024-05-26,Completed,Paid Search,,411.63
50064,23,2024-04-13,Completed,Direct,,396.65
50065,275,2024-02-22,Completed,Direct,VIP25,190.49
50066,65,2025-09-24,Completed,Paid Search,SPRING15,741.07
50067,303,2024-12-20,Completed,Paid Search,SPRING15,36.77
50068,49,2024-11-08,Completed,Paid Search,,624.1700000000001
50069,244,2025-06-02,Completed,Paid Search,,1111.95
50070,26,2025-03-16,Completed,Organic,,1095.39
50071,235,2025-06-03,Completed,Direct,FREESHIP,241.06
50072,86,2024-04-02,Completed,Referral,SPRING15,473.36
50073,154,2024-02-27,Refunded,Direct,,781.79
50074,385,2025-02-24,Completed,Referral,SPRING15,633.12
50075,112,2025-06-20,Completed,Organic,,807.77
50076,81,2024-11-08,Completed,Direct,,966.65
50077,371,2025-05-28,Completed,Direct,,416.34000000000003
50078,57,2024-12-26,Completed,Paid Search,FREESHIP,463.32
50079,266,2024-10-09,Completed,Social,,334.21
50080,283,2025-01-04,Completed,Direct,WELCOME10,176.37
50081,38,2024-12-03,Completed,Paid Search,,461.43999999999994
50082,324,2024-03-28,Completed,Organic,WELCOME10,342.27
50083,39,2025-06-30,Completed,Referral,WELCOME10,127.96
50084,11,2025-06-23,Completed,Direct,,273.09000000000003
50085,241,2024-07-11,Completed,Referral,WELCOME10,242.75
50086,322,2024-03-22,Completed,Email,,522.0899999999999
50087,346,2025-07-29,Completed,Paid Search,WELCOME10,610.77
50088,357,2024-12-05,Completed,Direct,,517.23
50089,291,2025-05-22,Completed,Direct,VIP25,117.58
50090,395,2024-10-14,Completed,Organic,SPRING15,442.55
50091,26,2025-03-13,Completed,Direct,,951.46
50092,71,2024-04-07,Completed,Organic,,98.75
50093,223,2024-09-03,Completed,Referral,,45.53
50094,390,2024-08-16,Completed,Paid Search,,776.69
50095,276,2025-09-17,Completed,Organic,,519.36
50096,384,2025-07-18,Completed,Paid Search,,345.45000000000005
50097,227,2024-08-20,Completed,Organic,,178.08
50098,400,2025-01-01,Completed,Organic,,676.05
50099,253,2024-10-20,Completed,Organic,,519.36
50100,205,2025-08-24,Completed,Organic,VIP25,910.45
50101,245,2025-02-18,Completed,Direct,WELCOME10,287.28999999999996
50102,355,2024-03-05,Completed,Organic,WELCOME10,1107.63
50103,350,2025-03-28,Completed,Referral,,724.39
50104,113,2025-06-13,Completed,Organic,,949.88
50105,346,2024-07-05,Refunded,Social,,491.61
50106,275,2025-03-11,Completed,Organic,,440.54
50107,290,2024-10-26,Completed,Paid Search,,649.53
50108,306,2024-10-22,Completed,Referral,,271.86
50109,352,2025-06-05,Completed,Referral,,151.51999999999998
50110,148,2024-06-12,Refunded,Organic,,289.46999999999997
50111,212,2024-09-07,Completed,Paid Search,,511.11
50112,204,2024-12-29,Completed,Organic,SPRING15,306.59000000000003
50113,374,2024-02-21,Completed,Direct,VIP25,464.74
50114,110,2024-03-19,Completed,Organic,,906.27
50115,355,2025-06-11,Completed,Paid Search,,96.91
50116,161,2025-06-24,Completed,Organic,WELCOME10,968.36
50117,266,2024-12-04,Completed,Organic,,669.29
50118,134,2024-06-19,Completed,Email,,664.1700000000001
50119,26,2024-11-04,Completed,Referral,,106.58
50120,134,2024-03-05,Completed,Social,,927.2
50121,142,2024-03-15,Completed,Direct,,475.29
50122,30,2024-01-10,Completed,Paid Search,,237.08
50123,199,2024-11-03,Completed,Organic,,576.73
50124,305,2025-06-25,Completed,Paid Search,,258.5
50125,385,2025-09-12,Completed,Direct,WELCOME10,270.14
50126,264,2024-09-03,Completed,Paid Search,SPRING15,88.69
50127,85,2025-05-17,Completed,Social,,106.58
50128,18,2024-01-13,Completed,Social,WELCOME10,1150.65
50129,62,2025-09-02,Completed,Referral,VIP25,861.34
50130,108,2024-11-22,Completed,Organic,,711.38
50131,35,2024-06-02,Completed,Organic,,119.86
50132,203,2025-05-26,Completed,Paid Search,,132.87
50133,79,2024-07-23,Completed,Organic,VIP25,86.21000000000001
50134,299,2024-11-29,Completed,Paid Search,,117.58
50135,162,2024-12-04,Refunded,Paid Search,,756.62
50136,119,2024-12-29,Completed,Direct,WELCOME10,133.72
50137,306,2024-08-23,Completed,Referral,,11.69
50138,258,2024-07-31,Completed,Organic,,490.81999999999994
50139,255,2024-09-06,Completed,Direct,FREESHIP,441.86
50140,219,2024-08-24,Completed,Organic,FREESHIP,552.29
50141,83,2024-08-08,Completed,Organic,FREESHIP,290.68
50142,49,2024-03-30,Completed,Social,,292.13
50143,84,2024-09-02,Completed,Email,,144.8
50144,69,2024-05-24,Completed,Organic,,633.61
50145,368,2024-07-02,Refunded,Organic,,290.73
50146,17,2024-07-28,Completed,Referral,,19.21
50147,35,2024-06-27,Completed,Paid Search,WELCOME10,1300.5900000000001
50148,314,2025-05-12,Completed,Organic,WELCOME10,483.02
50149,56,2025-04-23,Completed,Social,SPRING15,1005.6700000000001
50150,162,2024-04-25,Completed,Direct,,1365.59
50151,225,2024-03-27,Completed,Paid Search,,410.34
50152,91,2024-03-06,Completed,Social,VIP25,381.65999999999997
50153,351,2024-02-16,Cancelled,Email,,536.06
50154,373,2024-01-14,Completed,Organic,,513.3100000000001
50155,116,2024-04-26,Refunded,Organic,SPRING15,416.49
50156,49,2024-01-07,Completed,Direct,WELCOME10,144.78
50157,384,2025-09-03,Completed,Direct,,173.01999999999998
50158,100,2025-03-08,Completed,Organic,,250.45
50159,69,2025-01-08,Cancelled,Email,,332.12
50160,323,2025-07-20,Cancelled,Paid Search,SPRING15,693.18
50161,279,2025-06-11,Completed,Direct,,294.53
50162,150,2024-03-10,Completed,Paid Search,VIP25,227.02
50163,293,2024-05-09,Completed,Email,,973.04
50164,302,2024-09-04,Completed,Referral,,438.79
50165,396,2024-01-13,Completed,Direct,WELCOME10,376.46000000000004
50166,280,2024-11-25,Completed,Organic,,826.28
50167,218,2025-02-03,Completed,Paid Search,,532.67
50168,187,2025-05-16,Refunded,Paid Search,,301.15
50169,139,2025-02-16,Completed,Direct,,297.43
50170,226,2024-04-04,Completed,Direct,VIP25,914.91
50171,210,2025-01-13,Completed,Social,WELCOME10,895.5699999999999
50172,58,2025-02-06,Completed,Organic,,725.95
50173,236,2024-01-06,Completed,Referral,,319.74
50174,374,2024-11-03,Completed,Organic,VIP25,871.63
50175,135,2024-03-20,Completed,Email,,1060.09
50176,109,2024-03-02,Completed,Referral,,73.54
50177,249,2024-06-30,Completed,Email,SPRING15,429.98
50178,44,2024-04-22,Completed,Referral,VIP25,417.53999999999996
50179,234,2025-09-30,Completed,Organic,,66.18
50180,297,2024-08-16,Refunded,Email,,49.9
50181,153,2025-08-20,Completed,Social,,511.32000000000005
50182,94,2025-01-03,Completed,Email,,723.16
50183,170,2024-09-24,Completed,Paid Search,SPRING15,58.1
50184,257,2025-01-10,Completed,Organic,SPRING15,886.01
50185,350,2025-07-07,Completed,Paid Search,WELCOME10,289.6
50186,62,2024-08-01,Completed,Paid Search,SPRING15,288.51
50187,381,2024-02-29,Completed,Direct,,434.44
50188,333,2024-03-05,Completed,Paid Search,,620.24
50189,194,2024-12-15,Completed,Direct,FREESHIP,316.37
50190,47,2024-01-23,Completed,Direct,,457.83000000000004
50191,170,2024-04-13,Completed,Paid Search,,683.54
50192,314,2025-07-04,Completed,Email,,244.89000000000001
50193,225,2025-08-28,Completed,Organic,,219.88
50194,71,2024-05-12,Completed,Organic,,350.6
50195,340,2025-07-28,Completed,Paid Search,,336.36
50196,398,2025-08-02,Completed,Paid Search,,259.65
50197,135,2024-01-31,Completed,Organic,VIP25,630.09
50198,377,2025-04-24,Completed,Social,,1059.94
50199,238,2024-06-04,Completed,Organic,,61.77
50200,211,2024-07-17,Completed,Social,,127.96
50201,114,2024-12-21,Completed,Referral,,200.85
50202,65,2024-09-13,Completed,Paid Search,,458.78999999999996
50203,336,2024-09-27,Completed,Direct,WELCOME10,75.38
50204,117,2025-02-09,Completed,Email,,73.33
50205,104,2025-07-19,Completed,Referral,,208.37
50206,311,2024-03-30,Completed,Paid Search,,420.88
50207,387,2024-06-24,Completed,Social,,940.3199999999999
50208,387,2025-08-11,Completed,Direct,WELCOME10,395.22
50209,276,2024-07-18,Completed,Paid Search,FREESHIP,88.69
50210,238,2024-10-01,Completed,Social,FREESHIP,81.66
50211,192,2025-08-14,Completed,Organic,VIP25,479.42
50212,272,2024-08-18,Completed,Referral,SPRING15,958.8100000000001
50213,54,2024-08-24,Completed,Email,,532.94
50214,228,2025-05-02,Completed,Paid Search,,257.29
50215,77,2024-02-22,Completed,Organic,,385.26
50216,249,2025-02-23,Completed,Referral,VIP25,310.46999999999997
50217,7,2024-02-09,Completed,Organic,VIP25,1050.71
50218,235,2025-03-20,Completed,Organic,,293.73
50219,368,2024-08-21,Completed,Social,VIP25,873.9000000000001
50220,367,2024-05-25,Completed,Paid Search,SPRING15,483.62
50221,81,2024-02-20,Completed,Referral,SPRING15,115.84
50222,348,2024-04-04,Cancelled,Organic,SPRING15,633.53
50223,149,2025-04-14,Completed,Organic,,436.49
50224,148,2025-02-19,Completed,Paid Search,WELCOME10,632.25
50225,1,2025-08-26,Completed,Organic,WELCOME10,243.68
50226,372,2024-07-26,Completed,Email,,731.95
50227,123,2025-02-17,Refunded,Referral,,30.14
50228,181,2024-02-28,Completed,Paid Search,WELCOME10,81.66
50229,306,2024-09-29,Completed,Organic,,1058.78
50230,234,2025-06-20,Cancelled,Social,,686.26
50231,140,2025-07-23,Completed,Referral,,573.3199999999999
50232,386,2025-07-19,Completed,Direct,,1206.68
50233,370,2025-06-12,Completed,Paid Search,,897.89
50234,221,2025-07-30,Completed,Organic,WELCOME10,576.54
50235,231,2024-01-14,Completed,Referral,,770.4
50236,283,2024-11-13,Completed,Social,,1148.91
50237,303,2024-12-18,Completed,Paid Search,,692.5600000000001
50238,69,2024-02-08,Completed,Organic,,627.13
50239,143,2024-02-21,Completed,Organic,,881.5
50240,131,2025-08-17,Completed,Organic,,342.56
50241,72,2025-04-06,Cancelled,Social,,548.85
50242,44,2025-01-29,Completed,Organic,,145.34
50243,395,2025-07-08,Completed,Organic,WELCOME10,318.11
50244,44,2025-06-28,Completed,Referral,,115.15
50245,325,2024-11-03,Completed,Direct,WELCOME10,1165.17
50246,19,2025-06-24,Completed,Direct,,1557.7
50247,214,2025-06-19,Completed,Email,WELCOME10,163.76999999999998
50248,13,2024-12-07,Completed,Social,,1021.81
50249,56,2025-08-29,Completed,Direct,,142.74
50250,142,2024-03-27,Completed,Direct,FREESHIP,324.78999999999996
50251,89,2025-02-12,Completed,Paid Search,WELCOME10,415.75
50252,273,2025-09-12,Completed,Paid Search,,258.78
50253,248,2024-07-14,Completed,Email,,278.15999999999997
50254,303,2025-05-16,Completed,Referral,,625.41
50255,65,2024-12-30,Completed,Paid Search,,223.91
50256,21,2025-01-04,Completed,Organic,,16.48
50257,20,2024-08-16,Completed,Organic,SPRING15,979.1600000000001
50258,384,2025-05-03,Completed,Direct,,293.67
50259,347,2025-06-09,Completed,Paid Search,,489.06000000000006
50260,4,2024-02-05,Completed,Organic,,775.35
50261,82,2024-01-05,Completed,Direct,FREESHIP,724.99
50262,294,2024-01-25,Completed,Direct,,73.78999999999999
50263,211,2024-06-24,Completed,Organic,,191.94
50264,57,2025-03-02,Completed,Email,,697.2
50265,208,2024-04-16,Completed,Organic,,177.49
50266,78,2025-06-02,Completed,Organic,,755.6300000000001
50267,164,2024-08-08,Completed,Organic,,185.14999999999998
50268,150,2024-09-28,Completed,Direct,,200.81
50269,52,2025-07-16,Completed,Social,WELCOME10,651.1
50270,149,2024-07-12,Completed,Referral,FREESHIP,542.46
50271,283,2025-09-11,Completed,Organic,,156.96
50272,86,2024-05-21,Cancelled,Email,SPRING15,711.6999999999999
50273,336,2024-09-01,Completed,Organic,WELCOME10,1418.66
50274,398,2024-10-22,Cancelled,Organic,WELCOME10,26.77
50275,72,2025-05-18,Completed,Organic,VIP25,608.79
50276,76,2025-07-28,Completed,Referral,,593.35
50277,194,2024-12-09,Completed,Referral,,765.08
50278,22,2024-03-18,Refunded,Organic,VIP25,826.52
50279,179,2025-02-13,Completed,Organic,,474.58
50280,176,2025-01-08,Completed,Paid Search,WELCOME10,53.54
50281,38,2025-07-21,Completed,Email,WELCOME10,672.47
50282,152,2024-10-02,Completed,Organic,,709.0799999999999
50283,142,2024-04-04,Completed,Direct,WELCOME10,264.8
50284,383,2024-12-28,Completed,Direct,SPRING15,110.31
50285,140,2025-04-10,Completed,Paid Search,,170.37
50286,65,2025-01-02,Completed,Referral,,197.24
50287,276,2024-04-17,Completed,Organic,SPRING15,374.65
50288,321,2024-02-14,Refunded,Direct,FREESHIP,951.72
50289,28,2024-02-05,Completed,Organic,WELCOME10,209.26
50290,316,2024-05-25,Completed,Direct,WELCOME10,1010.1800000000001
50291,161,2024-10-17,Completed,Organic,SPRING15,503.49
50292,44,2025-07-03,Completed,Organic,WELCOME10,151.82999999999998
50293,214,2024-06-10,Completed,Organic,,573.45
50294,50,2024-10-16,Completed,Referral,WELCOME10,460.21
50295,60,2025-01-01,Completed,Social,VIP25,985.3199999999999
50296,375,2025-03-16,Completed,Direct,WELCOME10,370.09
50297,120,2025-07-08,Completed,Referral,,35.07
50298,308,2024-04-01,Completed,Organic,VIP25,303.56
50299,342,2024-01-28,Completed,Referral,SPRING15,670.67
50300,59,2024-10-07,Completed,Direct,VIP25,102.4
50301,334,2024-03-22,Completed,Direct,FREESHIP,233.20999999999998
50302,202,2024-02-11,Completed,Social,,204.46
50303,59,2024-03-24,Completed,Organic,SPRING15,782.9300000000001
50304,169,2025-06-20,Refunded,Referral,,888.7700000000001
50305,17,2024-07-22,Completed,Referral,,458.36
50306,158,2025-09-01,Completed,Paid Search,,173.76
50307,148,2024-11-28,Completed,Referral,,463.13
50308,194,2024-08-15,Completed,Paid Search,,703.68
50309,295,2024-03-23,Completed,Paid Search,,191.01999999999998
50310,172,2024-05-26,Completed,Direct,,888.83
50311,357,2024-09-27,Completed,Organic,,505.05
50312,110,2024-11-02,Completed,Social,FREESHIP,709.39
50313,76,2024-03-13,Completed,Referral,SPRING15,184.08999999999997
50314,102,2024-06-16,Completed,Direct,,371.55
50315,261,2024-12-05,Completed,Social,VIP25,431.84000000000003
50316,133,2025-07-27,Completed,Organic,WELCOME10,858.6700000000001
50317,276,2024-10-28,Completed,Paid Search,,222.54
50318,361,2024-04-13,Completed,Paid Search,,437.45
50319,215,2024-03-31,Completed,Email,SPRING15,161.28
50320,254,2025-04-28,Cancelled,Organic,,831.43
50321,268,2025-01-12,Completed,Social,,897.71
50322,244,2025-09-04,Cancelled,Direct,,824.05
50323,308,2024-08-13,Completed,Paid Search,VIP25,816.03
50324,31,2025-06-11,Completed,Paid Search,SPRING15,297.06
50325,178,2024-02-06,Completed,Paid Search,,857.8
50326,116,2025-08-03,Completed,Organic,,566.1600000000001
50327,392,2024-02-01,Completed,Paid Search,WELCOME10,347.66
50328,337,2024-07-05,Completed,Organic,,503.88000000000005
50329,290,2024-04-07,Completed,Direct,WELCOME10,353.94
50330,168,2024-09-13,Completed,Direct,,319.74
50331,214,2025-02-13,Completed,Organic,,844.76
50332,249,2025-02-27,Completed,Social,,504.14000000000004
50333,128,2025-01-26,Completed,Referral,SPRING15,272.86
50334,9,2025-07-11,Completed,Organic,,284.92
50335,274,2025-07-23,Cancelled,Referral,FREESHIP,677.81
50336,304,2025-04-14,Completed,Direct,WELCOME10,125.99000000000001
50337,223,2024-03-12,Completed,Direct,,885.84
50338,137,2024-02-17,Completed,Organic,,784.87
50339,302,2024-05-17,Completed,Referral,,343.52
50340,258,2025-06-19,Completed,Direct,,1401.95
50341,374,2024-08-31,Completed,Referral,,196.86
50342,246,2024-04-20,Completed,Organic,,583.0
50343,327,2024-05-12,Completed,Organic,,348.71000000000004
50344,41,2024-12-10,Completed,Email,,511.11
50345,227,2025-08-08,Completed,Social,,340.74
50346,234,2025-05-23,Completed,Email,WELCOME10,1087.62
50347,82,2024-12-08,Completed,Direct,,250.48
50348,127,2025-02-07,Completed,Paid Search,,161.84
50349,199,2025-04-04,Completed,Paid Search,WELCOME10,923.45
50350,114,2024-03-28,Completed,Organic,,822.93
50351,118,2025-02-22,Completed,Paid Search,,547.06
50352,340,2025-02-12,Completed,Referral,,394.59000000000003
50353,360,2024-09-01,Completed,Organic,,450.96999999999997
50354,206,2025-02-25,Completed,Paid Search,,376.63
50355,307,2024-01-09,Completed,Referral,SPRING15,457.33000000000004
50356,281,2024-08-10,Completed,Organic,WELCOME10,74.05
50357,337,2025-09-23,Completed,Paid Search,,23.38
50358,371,2024-08-07,Completed,Direct,SPRING15,434.34000000000003
50359,105,2025-04-15,Completed,Paid Search,,1021.06
50360,226,2024-05-06,Completed,Paid Search,WELCOME10,315.13
50361,186,2025-09-04,Completed,Referral,,828.09
50362,274,2024-07-24,Refunded,Paid Search,,319.74
50363,387,2025-06-16,Completed,Organic,,219.48
50364,380,2025-07-30,Completed,Organic,,493.34
50365,320,2024-06-26,Completed,Organic,WELCOME10,190.95999999999998
50366,220,2025-02-01,Completed,Social,,830.98
50367,331,2024-04-21,Completed,Email,WELCOME10,1123.91
50368,129,2025-08-10,Completed,Paid Search,FREESHIP,1040.6399999999999
50369,93,2025-07-15,Completed,Paid Search,,679.19
50370,66,2024-12-20,Refunded,Paid Search,,819.7
50371,248,2025-01-24,Completed,Paid Search,WELCOME10,159.57999999999998
50372,281,2024-03-05,Completed,Email,,434.06
50373,354,2024-11-04,Completed,Social,,458.48
50374,31,2024-07-03,Completed,Social,,130.84
50375,375,2024-11-06,Completed,Organic,,58.1
50376,79,2025-03-31,Completed,Social,,101.78999999999999
50377,114,2024-04-05,Completed,Organic,,326.2
50378,50,2025-02-04,Completed,Social,,660.6
50379,136,2025-08-11,Completed,Organic,FREESHIP,379.29999999999995
50380,17,2025-02-11,Completed,Paid Search,,57.269999999999996
50381,134,2024-07-22,Completed,Organic,WELCOME10,260.64
50382,228,2025-06-20,Completed,Email,FREESHIP,1411.75
50383,263,2025-04-10,Completed,Email,SPRING15,519.4200000000001
50384,129,2024-10-20,Completed,Paid Search,,475.29
50385,196,2025-03-07,Completed,Social,,473.65999999999997
50386,329,2025-04-26,Completed,Referral,,173.12
50387,151,2025-07-08,Completed,Organic,VIP25,63.98
50388,269,2025-04-23,Completed,Direct,,564.42
50389,32,2024-07-18,Completed,Organic,VIP25,542.74
50390,400,2025-09-08,Completed,Referral,,1130.13
50391,58,2024-07-15,Completed,Direct,SPRING15,1093.23
50392,273,2024-04-21,Completed,Organic,WELCOME10,173.89000000000001
50393,159,2025-09-15,Completed,Direct,,484.83
50394,33,2025-07-25,Completed,Email,WELCOME10,81.66
50395,213,2024-08-03,Completed,Organic,FREESHIP,81.66
50396,11,2024-11-29,Completed,Email,,394.58
50397,97,2024-10-27,Completed,Organic,SPRING15,1130.74
50398,8,2024-11-15,Completed,Referral,WELCOME10,146.51
50399,237,2024-09-27,Completed,Direct,,176.37
50400,319,2025-05-13,Completed,Direct,,399.78
50401,282,2024-03-30,Completed,Social,,803.3
50402,185,2024-02-08,Completed,Social,WELCOME10,402.58
50403,199,2025-01-10,Completed,Email,,122.49
50404,69,2024-03-05,Completed,Social,,713.79
50405,121,2025-01-17,Completed,Referral,SPRING15,299.52
50406,124,2024-08-10,Completed,Email,VIP25,312.45
50407,62,2024-03-05,Completed,Social,,740.96
50408,235,2025-06-26,Completed,Organic,,806.6600000000001
50409,259,2025-07-23,Completed,Email,FREESHIP,726.66
50410,114,2025-07-06,Completed,Referral,,564.2
50411,265,2024-04-18,Completed,Organic,,61.0
50412,132,2025-03-16,Completed,Email,VIP25,525.62
50413,190,2025-02-20,Completed,Direct,WELCOME10,173.76
50414,218,2024-06-20,Completed,Email,,241.06
50415,327,2024-03-02,Completed,Referral,WELCOME10,685.48
50416,370,2025-08-28,Cancelled,Direct,,222.26
50417,141,2025-08-17,Completed,Social,,1106.3200000000002
50418,299,2025-06-16,Cancelled,Organic,VIP25,47.58
50419,177,2025-08-03,Completed,Social,,710.96
50420,237,2024-10-04,Completed,Social,WELCOME10,1269.17
50421,397,2025-06-13,Completed,Organic,,886.6099999999999
50422,78,2024-05-21,Completed,Direct,VIP25,677.73
50423,145,2024-04-20,Completed,Direct,,282.24
50424,13,2024-01-16,Refunded,Paid Search,WELCOME10,494.42999999999995
50425,74,2024-07-14,Completed,Referral,,81.66
50426,173,2024-06-08,Completed,Paid Search,,774.5699999999999
50427,301,2024-08-18,Completed,Paid Search,SPRING15,396.29
50428,77,2025-08-05,Completed,Organic,,732.36
50429,243,2024-06-14,Completed,Direct,WELCOME10,336.22
50430,89,2024-07-13,Completed,Email,,619.9399999999999
50431,261,2024-03-03,Completed,Organic,SPRING15,866.99
50432,149,2025-06-05,Refunded,Referral,VIP25,955.6899999999999
50433,132,2025-04-09,Completed,Direct,,712.14
50434,147,2024-02-11,Completed,Direct,,1021.75
50435,305,2025-01-13,Completed,Organic,,932.0799999999999
50436,211,2024-08-17,Completed,Paid Search,,344.25
50437,274,2025-02-26,Completed,Direct,WELCOME10,1163.27
50438,269,2025-04-01,Completed,Paid Search,,785.95
50439,86,2024-05-03,Completed,Email,SPRING15,508.24
50440,263,2025-04-26,Completed,Organic,,1163.94
50441,19,2025-05-07,Completed,Direct,SPRING15,302.78
50442,358,2024-12-13,Completed,Organic,,636.13
50443,176,2025-02-12,Completed,Paid Search,,176.37
50444,304,2024-10-09,Completed,Social,WELCOME10,132.87
50445,239,2024-09-15,Completed,Organic,,146.16
50446,304,2024-10-06,Completed,Referral,,658.56
50447,371,2025-05-28,Completed,Paid Search,WELCOME10,96.91
50448,365,2025-07-04,Completed,Referral,,603.32
50449,179,2025-04-02,Cancelled,Paid Search,,524.89
50450,376,2024-07-06,Completed,Direct,FREESHIP,994.89
50451,219,2024-06-01,Completed,Organic,,422.43
50452,298,2025-01-20,Completed,Organic,,523.54
50453,224,2025-03-01,Completed,Paid Search,VIP25,295.79
50454,389,2024-04-21,Completed,Email,,357.03
50455,42,2024-01-26,Completed,Paid Search,WELCOME10,185.44
50456,148,2025-07-27,Completed,Paid Search,,242.76
50457,394,2024-10-25,Completed,Direct,,526.3900000000001
50458,155,2024-07-12,Completed,Referral,,395.07
50459,256,2025-09-28,Completed,Organic,FREESHIP,49.44
50460,154,2024-10-18,Completed,Email,SPRING15,33.22
50461,104,2024-06-27,Completed,Referral,,265.74
50462,43,2024-02-02,Completed,Social,,193.13
50463,68,2025-03-22,Completed,Organic,,750.37
50464,317,2025-03-21,Completed,Organic,,721.63
50465,22,2024-01-18,Completed,Email,,522.35
50466,156,2024-04-29,Refunded,Referral,SPRING15,799.51
50467,218,2025-01-24,Completed,Social,,879.84
50468,198,2024-02-07,Refunded,Social,,781.9200000000001
50469,219,2024-11-08,Completed,Email,VIP25,694.9200000000001
50470,138,2025-07-04,Completed,Paid Search,,297.92
50471,31,2025-02-12,Completed,Organic,,650.04
50472,238,2024-11-02,Completed,Paid Search,WELCOME10,368.57
50473,152,2025-01-11,Completed,Social,,58.79
50474,166,2025-03-13,Completed,Social,,137.04
50475,111,2024-08-20,Completed,Email,,58.1
50476,157,2025-06-25,Completed,Organic,,548.83
50477,363,2025-07-27,Completed,Social,,884.0500000000001
50478,155,2024-02-27,Completed,Paid Search,,800.83
50479,345,2025-07-15,Completed,Paid Search,VIP25,563.11
50480,378,2024-12-31,Completed,Referral,,1430.47
50481,160,2025-05-29,Completed,Paid Search,,38.42
50482,161,2024-09-18,Completed,Referral,SPRING15,397.02
50483,274,2024-11-05,Completed,Social,VIP25,36.77
50484,340,2024-02-03,Completed,Referral,SPRING15,555.22
50485,368,2024-04-01,Completed,Social,WELCOME10,139.35
50486,37,2024-01-21,Completed,Email,,447.03
50487,327,2024-04-10,Completed,Paid Search,FREESHIP,850.99
50488,257,2025-05-24,Completed,Referral,SPRING15,340.74
50489,350,2025-08-15,Completed,Organic,,334.8
50490,48,2024-10-28,Completed,Social,,521.03
50491,316,2024-07-12,Completed,Paid Search,,446.48
50492,374,2024-07-11,Completed,Social,WELCOME10,453.26
50493,163,2025-01-07,Completed,Paid Search,SPRING15,545.7700000000001
50494,302,2024-06-08,Completed,Direct,,576.8199999999999
50495,153,2024-12-06,Completed,Direct,,579.71
50496,225,2024-09-11,Completed,Paid Search,VIP25,16.48
50497,369,2025-07-25,Completed,Paid Search,,58.79
50498,280,2025-06-09,Completed,Direct,VIP25,281.43
50499,231,2024-09-17,Completed,Direct,,546.55
50500,94,2024-04-17,Completed,Paid Search,,566.4
50501,266,2024-12-03,Completed,Paid Search,FREESHIP,103.49
50502,217,2024-12-01,Completed,Referral,SPRING15,52.14
50503,319,2024-06-13,Completed,Paid Search,SPRING15,313.92
50504,237,2025-04-28,Completed,Organic,,1270.03
50505,214,2024-10-18,Completed,Direct,,1193.83
50506,124,2024-12-12,Completed,Paid Search,,149.7
50507,180,2025-06-14,Completed,Paid Search,WELCOME10,292.07
50508,42,2024-06-10,Completed,Organic,,1032.42
50509,381,2024-01-01,Completed,Referral,,327.73
50510,87,2025-03-26,Completed,Organic,,33.22
50511,395,2024-10-14,Completed,Direct,,47.58
50512,267,2024-06-30,Completed,Paid Search,,280.27
50513,360,2024-02-24,Completed,Social,VIP25,292.66999999999996
50514,165,2024-11-15,Cancelled,Paid Search,,1165.82
50515,133,2024-09-09,Completed,Paid Search,,28.76
50516,68,2025-08-16,Completed,Email,,1307.07
50517,284,2025-07-01,Completed,Email,SPRING15,115.84
50518,225,2024-05-30,Completed,Social,,73.33
50519,294,2024-03-09,Completed,Paid Search,,465.4
50520,91,2024-07-17,Completed,Paid Search,SPRING15,521.79
50521,63,2024-01-17,Completed,Email,,299.70000000000005
50522,122,2024-08-10,Completed,Direct,,829.8299999999999
50523,99,2025-06-19,Completed,Organic,,839.04
50524,300,2024-04-07,Refunded,Organic,VIP25,548.19
50525,45,2024-12-28,Completed,Social,,286.85
50526,43,2025-07-27,Completed,Organic,FREESHIP,667.4200000000001
50527,392,2025-08-20,Completed,Organic,,216.32
50528,259,2025-07-06,Completed,Direct,,1221.2199999999998
50529,383,2024-04-07,Completed,Organic,SPRING15,464.2
50530,64,2025-08-29,Completed,Email,SPRING15,1136.9699999999998
50531,227,2024-10-11,Completed,Social,,230.3
50532,157,2024-05-13,Completed,Social,,26.77
50533,41,2024-06-27,Completed,Direct,,149.7
50534,145,2025-07-21,Completed,Direct,,610.95
50535,142,2025-03-27,Completed,Paid Search,,26.77
50536,237,2024-02-03,Completed,Paid Search,,146.66
50537,74,2024-01-22,Completed,Referral,,142.74
50538,9,2024-08-06,Completed,Organic,,258.5
50539,90,2025-01-25,Completed,Referral,WELCOME10,597.29
50540,294,2025-06-18,Completed,Organic,,331.92
50541,228,2024-03-20,Completed,Organic,,1345.0900000000001
50542,66,2024-03-20,Completed,Direct,VIP25,716.29
50543,34,2024-12-31,Completed,Organic,,275.97
50544,45,2024-10-07,Completed,Email,WELCOME10,313.92
50545,292,2024-06-22,Refunded,Organic,,1060.57
50546,375,2024-09-18,Completed,Direct,,320.24
50547,151,2024-05-04,Completed,Paid Search,,217.36
50548,181,2024-05-26,Completed,Organic,,961.24
50549,146,2024-03-24,Refunded,Direct,,1226.28
50550,312,2024-09-04,Completed,Social,FREESHIP,233.11
50551,342,2024-06-14,Completed,Email,,36.77
50552,196,2025-07-24,Completed,Organic,VIP25,353.89
50553,116,2024-07-17,Completed,Organic,,199.68
50554,303,2025-09-26,Completed,Social,FREESHIP,510.55999999999995
50555,217,2024-09-19,Completed,Referral,,999.52
50556,392,2025-07-26,Completed,Paid Search,WELCOME10,399.82
50557,328,2025-08-10,Completed,Paid Search,,80.92
50558,70,2024-11-07,Completed,Referral,,905.54
50559,48,2025-01-26,Completed,Organic,,406.29
50560,351,2024-10-07,Completed,Organic,WELCOME10,906.65
50561,362,2025-08-18,Completed,Direct,SPRING15,413.59000000000003
50562,151,2024-07-20,Completed,Organic,,315.22
50563,165,2024-01-27,Completed,Email,,45.68
50564,323,2025-04-30,Completed,Paid Search,FREESHIP,646.3
50565,51,2024-11-12,Completed,Organic,,694.98
50566,104,2025-01-30,Completed,Email,,32.96
50567,5,2024-08-06,Completed,Organic,WELCOME10,346.05
50568,278,2024-06-07,Refunded,Direct,,855.72
50569,337,2025-02-08,Completed,Direct,,1175.07
50570,348,2024-07-08,Completed,Direct,,544.33
50571,16,2025-06-16,Completed,Social,SPRING15,251.48999999999998
50572,65,2024-06-23,Refunded,Referral,,263.07000000000005
50573,394,2024-03-13,Completed,Paid Search,VIP25,497.75
50574,57,2025-03-25,Completed,Referral,FREESHIP,1083.25
50575,115,2024-05-26,Completed,Direct,SPRING15,316.58
50576,282,2024-05-26,Completed,Direct,VIP25,896.58
50577,7,2025-02-10,Completed,Paid Search,FREESHIP,239.03
50578,244,2025-05-01,Completed,Organic,,599.22
50579,105,2025-04-12,Completed,Referral,,176.37
50580,151,2024-12-17,Completed,Direct,,309.2
50581,40,2024-03-15,Completed,Email,VIP25,706.32
50582,227,2024-04-07,Completed,Social,WELCOME10,458.32
50583,60,2025-08-10,Completed,Email,,1161.76
50584,286,2025-03-31,Completed,Direct,,100.37
50585,367,2024-01-30,Completed,Paid Search,SPRING15,449.19
50586,368,2025-05-04,Completed,Organic,,250.39999999999998
50587,324,2024-01-17,Refunded,Email,VIP25,765.84
50588,336,2024-06-04,Completed,Organic,FREESHIP,683.24
50589,153,2024-09-10,Completed,Referral,,139.22
50590,31,2025-08-11,Completed,Organic,SPRING15,1030.57
50591,140,2025-08-12,Completed,Referral,FREESHIP,119.86
50592,338,2024-05-22,Completed,Direct,,959.46
50593,315,2024-02-18,Completed,Organic,,191.48
50594,27,2024-05-16,Completed,Organic,,1106.68
50595,43,2025-07-11,Completed,Direct,,47.58
50596,259,2025-07-19,Completed,Organic,,855.87
50597,261,2024-07-15,Refunded,Referral,,103.49
50598,227,2025-07-25,Completed,Social,,59.93
50599,71,2024-11-07,Completed,Direct,,15.07
50600,198,2025-01-27,Refunded,Social,,30.5
50601,340,2025-03-12,Completed,Organic,WELCOME10,109.74
50602,300,2025-01-27,Completed,Paid Search,,1003.9399999999999
50603,155,2025-02-13,Completed,Organic,VIP25,353.38
50604,142,2025-08-16,Completed,Social,FREESHIP,229.44
50605,272,2024-10-31,Completed,Social,,1046.07
50606,240,2024-12-04,Completed,Paid Search,SPRING15,764.6700000000001
50607,374,2025-08-07,Completed,Direct,,978.5899999999999
50608,127,2024-06-08,Completed,Organic,,456.66
50609,201,2025-07-10,Completed,Social,,260.61
50610,287,2024-08-02,Completed,Paid Search,WELCOME10,338.31
50611,20,2024-02-01,Completed,Direct,WELCOME10,469.28000000000003
50612,250,2025-07-01,Completed,Social,,452.0
50613,210,2024-09-20,Completed,Direct,WELCOME10,585.55
50614,241,2025-09-14,Completed,Direct,,433.61
50615,260,2024-06-26,Completed,Referral,FREESHIP,99.8
50616,25,2024-06-01,Completed,Direct,WELCOME10,556.83
50617,214,2024-11-07,Completed,Email,VIP25,359.69
50618,383,2024-10-22,Completed,Paid Search,,757.47
50619,196,2024-09-28,Completed,Paid Search,,601.78
50620,364,2024-05-27,Completed,Paid Search,,206.98
50621,319,2024-08-06,Completed,Social,,219.99
50622,211,2025-09-29,Completed,Direct,WELCOME10,313.75
50623,37,2025-02-11,Completed,Referral,,372.9
50624,362,2024-07-21,Refunded,Organic,,645.79
50625,207,2024-05-22,Refunded,Organic,,317.75
50626,97,2024-08-03,Completed,Direct,,596.1800000000001
50627,371,2025-02-08,Completed,Paid Search,FREESHIP,965.63
50628,271,2025-03-22,Completed,Paid Search,WELCOME10,319.02000000000004
50629,125,2025-04-03,Completed,Organic,,989.35
50630,357,2025-06-19,Completed,Organic,VIP25,753.0200000000001
50631,155,2025-07-31,Completed,Email,,767.4
50632,145,2025-04-11,Completed,Paid Search,WELCOME10,463.39000000000004
50633,230,2024-01-24,Completed,Direct,,406.3
50634,365,2025-04-08,Completed,Organic,VIP25,289.6
50635,108,2024-10-27,Refunded,Paid Search,,179.79
50636,321,2025-02-13,Cancelled,Paid Search,,737.3199999999999
50637,377,2024-03-31,Completed,Direct,VIP25,785.02
50638,309,2024-04-06,Completed,Email,,728.59
50639,309,2025-01-25,Completed,Email,,110.03
50640,355,2024-06-28,Completed,Direct,WELCOME10,321.78
50641,137,2024-12-16,Completed,Paid Search,,286.43
50642,220,2024-06-03,Completed,Paid Search,,1298.7
50643,200,2024-04-23,Completed,Referral,FREESHIP,405.5
50644,399,2025-02-15,Completed,Organic,,99.8
50645,352,2025-04-08,Completed,Paid Search,WELCOME10,938.69
50646,330,2024-09-01,Completed,Email,,440.69
50647,1,2024-11-09,Completed,Direct,,911.1600000000001
50648,377,2024-10-16,Completed,Direct,,506.08000000000004
50649,32,2024-10-04,Completed,Paid Search,FREESHIP,754.5899999999999
50650,359,2024-06-27,Completed,Paid Search,,500.15
50651,79,2025-07-19,Completed,Referral,,137.04
50652,201,2024-10-05,Completed,Social,FREESHIP,115.15
50653,128,2024-09-13,Completed,Social,,747.3
50654,10,2024-10-06,Completed,Paid Search,,374.4
50655,330,2024-11-20,Completed,Social,WELCOME10,721.65
50656,116,2024-05-16,Completed,Direct,,342.40999999999997
50657,358,2024-10-26,Completed,Paid Search,SPRING15,260.8
50658,395,2025-05-25,Completed,Direct,,30.5
50659,9,2025-06-19,Completed,Social,WELCOME10,376.5
50660,42,2025-01-18,Completed,Paid Search,,272.92
50661,384,2024-02-18,Completed,Paid Search,,451.03
50662,33,2024-04-01,Completed,Organic,,119.86
50663,106,2025-07-06,Completed,Paid Search,,607.83
50664,218,2024-03-12,Completed,Paid Search,WELCOME10,158.59
50665,187,2024-05-08,Completed,Paid Search,,137.04
50666,348,2024-11-02,Completed,Paid Search,,624.0600000000001
50667,104,2025-04-18,Completed,Direct,,937.5
50668,318,2025-07-27,Completed,Direct,,359.55
50669,369,2024-04-14,Completed,Direct,SPRING15,261.45
50670,217,2025-06-07,Completed,Email,WELCOME10,599.21
50671,99,2024-01-20,Completed,Email,,408.36
50672,38,2025-05-03,Completed,Referral,,348.99
50673,67,2025-09-04,Completed,Direct,,525.36
50674,49,2024-12-13,Completed,Referral,,581.46
50675,84,2024-02-15,Completed,Referral,,269.92
50676,11,2025-03-05,Refunded,Email,,737.9300000000001
50677,278,2024-10-12,Cancelled,Email,WELCOME10,569.3100000000001
50678,179,2025-04-09,Completed,Social,WELCOME10,634.55
50679,35,2024-01-29,Completed,Social,WELCOME10,681.19
50680,76,2025-03-24,Completed,Direct,,496.99
50681,191,2024-12-08,Refunded,Direct,,414.66
50682,59,2024-12-06,Completed,Direct,,191.4
50683,229,2024-12-26,Completed,Organic,,238.31
50684,281,2025-09-02,Completed,Organic,,178.73000000000002
50685,129,2024-06-27,Completed,Social,,748.26
50686,153,2024-01-08,Completed,Paid Search,VIP25,472.78999999999996
50687,281,2025-03-23,Completed,Paid Search,VIP25,753.99
50688,367,2024-01-23,Completed,Email,WELCOME10,522.87
50689,114,2024-08-04,Refunded,Organic,,1067.3899999999999
50690,368,2024-04-01,Refunded,Referral,FREESHIP,522.4000000000001
50691,206,2025-02-16,Completed,Organic,,581.24
50692,281,2024-11-12,Completed,Referral,,357.03
50693,312,2025-08-24,Completed,Organic,WELCOME10,303.33
50694,213,2025-02-14,Completed,Organic,VIP25,491.28000000000003
50695,215,2024-02-05,Completed,Organic,SPRING15,741.4100000000001
50696,329,2024-09-15,Completed,Social,,99.8
50697,270,2024-12-26,Completed,Organic,SPRING15,861.26
50698,178,2025-06-15,Completed,Email,,286.83000000000004
50699,55,2024-07-09,Completed,Paid Search,,33.93
50700,372,2024-05-21,Completed,Organic,,646.54
50701,47,2025-06-24,Completed,Organic,,1111.81
50702,59,2025-09-12,Completed,Email,,644.97
50703,249,2024-01-11,Completed,Organic,,1158.56
50704,345,2025-08-13,Completed,Referral,SPRING15,817.76
50705,37,2025-09-09,Completed,Email,,242.04999999999998
50706,354,2024-03-20,Cancelled,Direct,,469.58000000000004
50707,261,2024-04-14,Completed,Organic,SPRING15,715.56
50708,100,2025-09-15,Completed,Direct,,102.97999999999999
50709,68,2024-11-11,Completed,Organic,,440.75000000000006
50710,300,2025-01-18,Cancelled,Paid Search,WELCOME10,313.68
50711,260,2024-10-21,Completed,Organic,VIP25,534.16
50712,303,2024-09-07,Cancelled,Paid Search,WELCOME10,425.49
50713,26,2025-02-13,Completed,Paid Search,FREESHIP,287.21000000000004
50714,155,2024-09-24,Completed,Direct,SPRING15,353.98
50715,361,2024-09-04,Completed,Email,SPRING15,352.5
50716,393,2024-02-24,Completed,Direct,WELCOME10,587.52
50717,118,2025-04-24,Completed,Email,,365.96
50718,293,2025-02-05,Completed,Social,WELCOME10,239.83
50719,38,2024-12-08,Completed,Social,WELCOME10,595.95
50720,38,2024-05-04,Cancelled,Social,WELCOME10,551.58
50721,134,2025-06-03,Completed,Social,,673.57
50722,376,2024-12-22,Completed,Email,WELCOME10,1031.89
50723,259,2024-02-16,Completed,Organic,,812.97
50724,165,2024-05-21,Completed,Referral,,405.4
50725,75,2025-09-12,Completed,Paid Search,WELCOME10,516.85
50726,221,2024-05-27,Completed,Email,,479.29999999999995
50727,399,2024-05-20,Completed,Organic,,199.68
50728,146,2025-01-02,Completed,Organic,,329.21999999999997
50729,31,2024-04-02,Completed,Organic,VIP25,234.75
50730,150,2025-05-31,Completed,Email,,453.26
50731,374,2025-07-11,Completed,Paid Search,,433.78000000000003
50732,114,2025-08-10,Completed,Email,,1049.24
50733,48,2024-10-14,Completed,Social,,436.81000000000006
50734,62,2025-01-13,Completed,Organic,SPRING15,109.74
50735,44,2025-04-17,Completed,Direct,,101.93
50736,30,2025-09-27,Completed,Direct,VIP25,179.79
50737,333,2024-06-18,Cancelled,Direct,,374.96000000000004
50738,327,2025-08-29,Refunded,Social,VIP25,928.2700000000001
50739,79,2024-10-28,Completed,Social,WELCOME10,865.39
50740,89,2025-04-21,Cancelled,Paid Search,,345.45000000000005
50741,147,2024-08-16,Completed,Organic,WELCOME10,1072.8400000000001
50742,308,2025-04-03,Completed,Organic,,29.05
50743,336,2024-08-01,Completed,Referral,VIP25,620.85
50744,161,2025-02-07,Completed,Paid Search,,626.01
50745,155,2024-10-30,Completed,Email,WELCOME10,200.53
50746,188,2024-05-14,Completed,Paid Search,SPRING15,1047.03
50747,399,2025-01-29,Completed,Paid Search,VIP25,700.37
50748,186,2025-01-30,Completed,Organic,,223.45999999999998
50749,238,2024-05-14,Completed,Social,,887.02
50750,47,2025-02-14,Completed,Direct,SPRING15,455.93
50751,68,2024-11-26,Completed,Organic,,248.72
50752,24,2025-07-27,Completed,Social,,860.8199999999999
50753,327,2024-08-22,Completed,Paid Search,WELCOME10,796.3300000000002
50754,231,2025-03-20,Completed,Paid Search,,558.95
50755,297,2025-07-09,Refunded,Paid Search,,1181.47
50756,244,2025-06-07,Completed,Social,,482.99
50757,335,2025-03-11,Completed,Direct,,873.12
50758,199,2024-09-02,Completed,Referral,,1023.5600000000001
50759,49,2025-02-13,Completed,Social,,242.54000000000002
50760,348,2025-07-03,Completed,Direct,,361.5
50761,250,2024-03-24,Refunded,Referral,SPRING15,851.4200000000001
50762,271,2024-04-08,Completed,Organic,VIP25,1296.57
50763,371,2024-03-19,Completed,Paid Search,,69.88
50764,213,2025-06-05,Completed,Social,,449.0
50765,13,2024-07-05,Completed,Referral,,990.12
50766,66,2024-10-20,Completed,Social,,80.31
50767,78,2024-06-02,Completed,Organic,SPRING15,378.45
50768,66,2025-05-12,Completed,Organic,,183.64
50769,115,2024-09-06,Completed,Direct,SPRING15,170.12
50770,44,2025-04-06,Completed,Direct,,834.48
50771,142,2025-02-28,Completed,Email,,392.32
50772,259,2024-12-25,Refunded,Email,WELCOME10,448.01
50773,391,2024-04-01,Completed,Direct,,452.24
50774,180,2024-03-27,Completed,Organic,VIP25,109.87
50775,154,2025-09-29,Completed,Email,WELCOME10,369.68
50776,283,2024-07-03,Completed,Referral,FREESHIP,296.66
50777,283,2024-10-21,Refunded,Organic,,685.12
50778,136,2025-01-20,Completed,Paid Search,SPRING15,206.98
50779,302,2024-08-30,Completed,Social,WELCOME10,909.55
50780,154,2024-07-05,Completed,Organic,SPRING15,554.89
50781,270,2025-03-18,Completed,Email,VIP25,1041.35
50782,153,2024-04-19,Completed,Organic,WELCOME10,346.24
50783,170,2024-07-12,Completed,Email,WELCOME10,878.22
50784,338,2025-04-26,Completed,Social,,1102.6
50785,234,2024-06-02,Completed,Referral,,583.5
50786,283,2025-01-15,Completed,Paid Search,,244.57999999999998
50787,68,2024-01-18,Completed,Paid Search,,392.14
50788,327,2024-07-27,Completed,Organic,,748.3
50789,158,2025-09-18,Refunded,Paid Search,,1078.3200000000002
50790,82,2024-01-11,Completed,Organic,VIP25,617.1
50791,202,2025-08-21,Completed,Social,,494.21999999999997
50792,266,2024-08-10,Cancelled,Social,,987.3000000000001
50793,269,2024-06-02,Completed,Organic,WELCOME10,701.5600000000001
50794,338,2024-08-08,Completed,Paid Search,WELCOME10,556.8900000000001
50795,269,2024-01-05,Completed,Social,WELCOME10,555.34
50796,250,2025-08-25,Completed,Social,SPRING15,511.11
50797,172,2024-12-22,Completed,Paid Search,VIP25,719.0899999999999
50798,216,2024-02-23,Completed,Social,,556.56
50799,245,2024-06-29,Completed,Direct,,393.05
50800,42,2024-04-28,Completed,Paid Search,,264.62
50801,323,2024-11-13,Cancelled,Organic,SPRING15,404.93
50802,171,2025-01-22,Completed,Paid Search,,558.98
50803,346,2025-03-31,Completed,Referral,,338.62
50804,230,2024-06-17,Completed,Social,,1118.3200000000002
50805,348,2024-06-16,Completed,Direct,,577.55
50806,149,2025-07-17,Completed,Email,,29.05
50807,399,2025-07-23,Completed,Direct,,29.05
50808,12,2025-09-05,Completed,Referral,SPRING15,63.98
50809,80,2024-07-12,Completed,Paid Search,,291.52
50810,210,2024-03-16,Completed,Social,FREESHIP,626.24
50811,155,2025-07-01,Completed,Organic,FREESHIP,146.66
50812,271,2025-01-15,Completed,Email,WELCOME10,301.29
50813,72,2024-05-28,Completed,Organic,,501.34000000000003
50814,222,2024-01-13,Completed,Direct,,34.28
50815,52,2025-08-30,Completed,Paid Search,WELCOME10,498.37
50816,323,2024-03-06,Completed,Referral,,386.74
50817,29,2025-03-27,Refunded,Organic,,664.04
50818,261,2024-06-23,Cancelled,Organic,SPRING15,491.93
50819,164,2024-11-12,Completed,Organic,WELCOME10,412.72
50820,226,2025-08-27,Completed,Paid Search,,691.99
50821,226,2025-07-01,Completed,Social,WELCOME10,812.55
50822,183,2025-04-05,Completed,Organic,WELCOME10,176.37
50823,284,2024-07-01,Completed,Paid Search,VIP25,370.73
50824,301,2024-09-30,Completed,Paid Search,,357.83000000000004
50825,96,2025-07-30,Completed,Direct,VIP25,149.7
50826,124,2024-09-16,Completed,Referral,,1345.69
50827,187,2024-05-08,Completed,Direct,WELCOME10,119.86
50828,51,2024-01-08,Completed,Paid Search,SPRING15,123.54
50829,331,2024-05-24,Completed,Social,,713.36
50830,386,2025-04-20,Completed,Email,,290.73
50831,218,2024-07-12,Refunded,Social,WELCOME10,433.15
50832,14,2024-07-17,Completed,Organic,,557.1899999999999
50833,360,2025-02-20,Completed,Email,,488.19
50834,108,2025-07-11,Completed,Direct,,402.8
50835,113,2024-02-27,Completed,Direct,,1291.44
50836,8,2025-02-02,Completed,Social,,753.13
50837,353,2024-11-24,Refunded,Direct,,596.12
50838,244,2024-06-16,Completed,Paid Search,,504.09
50839,391,2024-07-09,Refunded,Paid Search,,511.11
50840,312,2025-09-24,Completed,Organic,,756.14
50841,99,2024-12-08,Completed,Paid Search,WELCOME10,334.94
50842,342,2025-03-17,Completed,Direct,,476.45000000000005
50843,28,2024-06-27,Completed,Direct,,780.56
50844,252,2024-05-09,Completed,Organic,,66.86
50845,323,2024-09-11,Cancelled,Paid Search,WELCOME10,1070.04
50846,127,2024-05-26,Completed,Paid Search,SPRING15,435.58000000000004
50847,130,2024-09-03,Completed,Direct,,858.3199999999999
50848,153,2024-08-09,Completed,Referral,,307.49
50849,113,2024-01-30,Completed,Referral,,57.63
50850,225,2024-01-22,Refunded,Organic,,231.04000000000002
50851,76,2025-07-25,Completed,Paid Search,WELCOME10,96.91
50852,218,2024-07-08,Completed,Social,,311.21
50853,92,2025-07-28,Completed,Paid Search,,738.95
50854,168,2024-07-04,Completed,Social,FREESHIP,133.72
50855,334,2025-07-21,Completed,Referral,VIP25,484.76
50856,40,2025-08-09,Completed,Email,,410.27
50857,57,2024-06-05,Completed,Referral,WELCOME10,319.74
50858,385,2025-04-15,Refunded,Social,,649.96
50859,99,2024-07-14,Completed,Social,WELCOME10,514.69
50860,162,2025-04-21,Completed,Email,SPRING15,446.87
50861,19,2024-02-27,Completed,Organic,,641.85
50862,268,2025-01-11,Completed,Organic,SPRING15,343.49
50863,132,2024-02-28,Completed,Organic,,754.6
50864,273,2025-05-12,Cancelled,Referral,,243.5
50865,135,2025-05-18,Completed,Organic,,758.1600000000001
50866,140,2025-09-17,Completed,Organic,FREESHIP,207.88
50867,315,2024-10-04,Completed,Organic,,90.17
50868,249,2025-03-11,Completed,Organic,,453.39
50869,385,2024-06-29,Completed,Email,,1035.02
50870,187,2024-02-19,Completed,Referral,,282.34000000000003
50871,215,2024-01-16,Cancelled,Social,,359.90999999999997
50872,9,2025-04-21,Completed,Direct,,370.36
50873,226,2024-11-21,Completed,Social,SPRING15,16.48
50874,367,2024-01-09,Completed,Referral,,376.27000000000004
50875,203,2025-09-27,Completed,Organic,VIP25,643.97
50876,321,2025-08-09,Completed,Email,SPRING15,133.72
50877,94,2024-11-26,Completed,Paid Search,WELCOME10,259.65
50878,52,2024-12-05,Completed,Paid Search,,590.49
50879,95,2024-09-07,Completed,Social,,684.26
50880,331,2024-05-25,Completed,Social,FREESHIP,99.8
50881,286,2024-08-27,Completed,Organic,FREESHIP,176.37
50882,48,2024-06-17,Completed,Direct,,275.37
50883,45,2025-02-24,Completed,Social,WELCOME10,232.37
50884,329,2024-11-06,Completed,Email,,893.98
50885,264,2024-09-16,Completed,Social,,517.84
50886,107,2025-06-25,Completed,Paid Search,,904.7099999999999
50887,319,2024-06-20,Completed,Organic,FREESHIP,173.76
50888,21,2025-02-28,Completed,Organic,,489.6
50889,270,2025-07-08,Completed,Paid Search,VIP25,562.0799999999999
50890,378,2025-03-25,Completed,Social,,29.05
50891,23,2024-09-01,Completed,Paid Search,WELCOME10,62.69
50892,45,2024-02-26,Completed,Organic,VIP25,646.19
50893,190,2024-06-20,Completed,Email,,138.23000000000002
50894,359,2024-07-09,Completed,Organic,SPRING15,662.55
50895,231,2024-06-29,Completed,Referral,,478.86
50896,364,2024-09-08,Refunded,Direct,,220.87
50897,213,2024-05-03,Completed,Organic,,603.5699999999999
50898,397,2025-07-06,Completed,Organic,,15.07
50899,270,2025-09-02,Refunded,Organic,,103.94
50900,56,2024-08-04,Completed,Paid Search,SPRING15,1032.13
50901,62,2025-01-24,Completed,Organic,,1274.48
50902,238,2024-05-25,Completed,Organic,WELCOME10,475.54
50903,28,2024-01-09,Completed,Organic,,1057.4099999999999
50904,159,2024-05-01,Completed,Direct,SPRING15,73.54
50905,352,2024-11-08,Completed,Social,VIP25,897.24
50906,284,2024-09-14,Completed,Paid Search,,336.21000000000004
50907,175,2024-09-10,Completed,Referral,,1037.25
50908,271,2025-02-01,Completed,Organic,VIP25,679.8299999999999
50909,77,2024-03-08,Completed,Paid Search,,311.82
50910,232,2025-03-11,Completed,Direct,SPRING15,644.64
50911,156,2025-02-19,Refunded,Organic,VIP25,451.05
50912,329,2024-08-15,Completed,Organic,,296.68
50913,188,2024-07-06,Completed,Social,FREESHIP,73.54
50914,158,2024-12-02,Completed,Social,,233.81
50915,165,2024-03-19,Completed,Organic,,350.45
50916,190,2025-05-25,Completed,Organic,,903.71
50917,23,2024-04-20,Completed,Direct,,787.03
50918,36,2024-07-28,Completed,Organic,,400.52
50919,248,2024-10-15,Completed,Paid Search,,319.74
50920,151,2025-09-02,Completed,Direct,WELCOME10,209.24
50921,191,2025-04-25,Completed,Direct,,507.65
50922,280,2024-03-21,Completed,Paid Search,,565.79
50923,106,2024-07-12,Completed,Direct,,198.92000000000002
50924,395,2024-12-17,Completed,Social,,740.5
50925,276,2024-01-20,Refunded,Social,,200.57999999999998
50926,203,2024-08-29,Completed,Paid Search,SPRING15,257.14
50927,103,2024-05-06,Completed,Social,,802.09
50928,283,2025-09-22,Cancelled,Direct,,211.35
50929,15,2024-02-20,Completed,Organic,,190.32999999999998
50930,16,2024-01-17,Cancelled,Social,,289.84
50931,134,2024-12-14,Completed,Email,,363.14
50932,3,2024-05-09,Completed,Email,,372.32
50933,56,2024-03-05,Completed,Direct,,176.1
50934,301,2025-03-14,Completed,Organic,,462.57
50935,332,2024-08-09,Completed,Paid Search,SPRING15,417.2
50936,281,2024-06-02,Cancelled,Organic,,469.76
50937,255,2024-01-29,Completed,Social,WELCOME10,700.39
50938,316,2024-03-30,Completed,Paid Search,,780.58
50939,324,2025-09-03,Completed,Organic,SPRING15,837.6099999999999
50940,385,2024-12-23,Completed,Email,,439.99
50941,309,2025-03-26,Completed,Paid Search,,207.31
50942,314,2025-06-16,Refunded,Paid Search,WELCOME10,1058.42
50943,138,2025-06-27,Completed,Paid Search,,1605.1
50944,140,2025-06-02,Completed,Paid Search,VIP25,313.92
50945,153,2025-09-27,Completed,Referral,,417.16
50946,217,2024-08-06,Refunded,Paid Search,FREESHIP,710.27
50947,241,2024-09-11,Completed,Direct,,289.56
50948,269,2024-09-26,Completed,Social,WELCOME10,1344.4
50949,34,2024-12-09,Completed,Organic,SPRING15,716.0699999999999
50950,184,2025-05-18,Completed,Organic,,764.73
50951,324,2025-05-03,Completed,Social,WELCOME10,998.04
50952,175,2025-03-27,Completed,Direct,,346.34000000000003
50953,385,2024-08-09,Completed,Paid Search,WELCOME10,119.86
50954,2,2025-08-17,Refunded,Organic,,644.73
50955,40,2024-05-06,Completed,Direct,SPRING15,229.16
50956,210,2024-10-10,Completed,Direct,SPRING15,203.17
50957,258,2024-08-29,Completed,Social,VIP25,719.87
50958,245,2024-08-10,Completed,Email,SPRING15,353.97
50959,187,2025-05-29,Completed,Email,,343.9
50960,265,2024-10-03,Completed,Organic,,779.76
50961,70,2024-03-09,Completed,Organic,,567.2800000000001
50962,123,2024-01-10,Completed,Paid Search,SPRING15,152.82
50963,344,2025-02-10,Completed,Direct,SPRING15,313.92
50964,196,2025-05-24,Completed,Paid Search,SPRING15,590.34
50965,283,2024-02-26,Completed,Organic,,211.44
50966,58,2025-05-06,Cancelled,Direct,SPRING15,894.34
50967,379,2024-04-17,Completed,Paid Search,,427.15
50968,79,2024-01-21,Completed,Direct,,428.1
50969,364,2025-04-28,Completed,Direct,,750.1400000000001
50970,388,2025-05-27,Completed,Social,VIP25,815.9
50971,37,2024-01-08,Refunded,Direct,,671.41
50972,344,2025-09-03,Cancelled,Direct,,304.3
50973,303,2025-03-12,Completed,Social,,395.86000000000007
50974,324,2025-02-08,Refunded,Direct,,649.05
50975,394,2024-04-19,Completed,Referral,,206.57000000000002
50976,329,2025-01-01,Refunded,Social,,125.66
50977,198,2025-01-24,Completed,Organic,,236.88
50978,154,2025-02-06,Completed,Organic,,428.75
50979,241,2024-05-09,Refunded,Direct,VIP25,424.66999999999996
50980,298,2024-02-04,Completed,Direct,,612.63
50981,181,2025-03-25,Completed,Paid Search,WELCOME10,104.91
50982,178,2024-11-22,Completed,Direct,,61.0
50983,83,2024-01-09,Completed,Direct,,341.82
50984,266,2024-05-09,Completed,Paid Search,VIP25,282.52
50985,316,2025-02-06,Refunded,Organic,WELCOME10,484.87
50986,251,2024-08-05,Completed,Organic,WELCOME10,333.19
50987,260,2024-07-23,Completed,Direct,WELCOME10,67.15
50988,20,2025-02-14,Cancelled,Social,WELCOME10,606.97
50989,242,2025-08-29,Completed,Organic,,391.12
50990,257,2024-10-22,Completed,Referral,,644.34
50991,400,2024-10-19,Completed,Referral,SPRING15,173.12
50992,58,2024-12-27,Completed,Email,FREESHIP,94.37
50993,27,2024-05-12,Completed,Email,,464.22
50994,147,2024-03-14,Completed,Direct,SPRING15,866.8199999999999
50995,100,2024-04-02,Completed,Direct,WELCOME10,471.62
50996,155,2025-01-24,Completed,Referral,SPRING15,398.61
50997,270,2024-06-26,Completed,Organic,,888.3
50998,115,2025-07-24,Completed,Social,WELCOME10,33.93
50999,237,2024-12-12,Completed,Email,,115.84
51000,74,2024-03-13,Completed,Organic,,338.86
51001,347,2024-11-02,Completed,Social,,99.42
51002,384,2024-08-18,Completed,Organic,,610.71
51003,68,2025-07-05,Cancelled,Direct,,417.65999999999997
51004,191,2025-06-25,Completed,Organic,,734.97
51005,326,2024-04-07,Completed,Referral,WELCOME10,1108.93
51006,343,2024-06-23,Completed,Paid Search,VIP25,442.8
51007,93,2024-05-28,Completed,Social,,269.64
51008,233,2024-07-23,Completed,Organic,,175.28
51009,247,2024-03-21,Completed,Organic,WELCOME10,49.44
51010,306,2024-09-01,Completed,Organic,WELCOME10,1432.01
51011,387,2025-04-28,Completed,Paid Search,WELCOME10,318.65000000000003
51012,353,2025-01-15,Completed,Paid Search,,269.38
51013,220,2024-10-26,Completed,Direct,SPRING15,253.29000000000002
51014,71,2024-07-24,Completed,Organic,,650.74
51015,396,2024-03-09,Completed,Paid Search,VIP25,60.7
51016,181,2024-07-25,Completed,Paid Search,,839.0699999999999
51017,342,2025-06-22,Completed,Email,,106.28
51018,50,2024-09-15,Completed,Email,,647.75
51019,238,2025-06-16,Completed,Organic,,606.46
51020,285,2025-03-24,Completed,Direct,,547.29
51021,343,2024-04-26,Completed,Paid Search,VIP25,482.52
51022,44,2024-03-20,Completed,Paid Search,WELCOME10,349.34
51023,76,2024-08-06,Completed,Organic,WELCOME10,527.89
51024,81,2025-07-13,Completed,Paid Search,,156.96
51025,286,2024-11-14,Completed,Paid Search,SPRING15,903.2500000000001
51026,353,2025-09-24,Completed,Email,VIP25,803.56
51027,183,2024-11-24,Completed,Direct,,579.24
51028,387,2024-06-18,Completed,Paid Search,,839.14
51029,81,2024-09-13,Completed,Email,,611.15
51030,27,2024-09-22,Completed,Paid Search,,683.66
51031,166,2025-07-19,Completed,Direct,,816.6099999999999
51032,363,2024-08-05,Completed,Direct,,33.93
51033,172,2024-08-21,Completed,Paid Search,VIP25,619.24
51034,263,2024-05-11,Completed,Paid Search,,982.47
51035,91,2025-01-19,Completed,Paid Search,,623.87
51036,321,2025-03-24,Completed,Direct,SPRING15,80.92
51037,290,2025-09-14,Completed,Social,,101.78999999999999
51038,367,2024-11-22,Completed,Email,,61.0
51039,292,2024-05-14,Completed,Social,VIP25,340.74
51040,4,2024-10-16,Completed,Paid Search,WELCOME10,1009.88
51041,312,2025-07-13,Completed,Social,,103.49
51042,196,2025-07-23,Completed,Paid Search,,898.0
51043,361,2024-05-14,Completed,Paid Search,,369.64
51044,149,2024-03-30,Refunded,Organic,,240.3
51045,79,2025-08-15,Completed,Organic,,185.45
51046,328,2024-03-23,Completed,Paid Search,,511.11
51047,28,2024-12-04,Completed,Email,,743.52
51048,70,2025-01-22,Completed,Organic,VIP25,234.89
51049,369,2025-09-27,Completed,Organic,,594.6600000000001
51050,160,2024-04-25,Completed,Organic,,38.42
51051,240,2024-11-26,Cancelled,Direct,VIP25,570.11
51052,364,2025-07-12,Completed,Organic,VIP25,103.49
51053,62,2025-09-03,Completed,Direct,VIP25,374.72
51054,236,2025-08-08,Completed,Direct,SPRING15,443.86
51055,358,2025-06-29,Completed,Email,,270.07
51056,138,2025-07-25,Completed,Organic,,59.93
51057,9,2025-03-16,Completed,Organic,FREESHIP,655.89
51058,321,2025-08-29,Completed,Social,,15.07
51059,232,2024-07-28,Completed,Referral,,142.74
51060,107,2024-01-28,Completed,Paid Search,VIP25,822.48
51061,149,2024-04-09,Completed,Social,VIP25,357.7
51062,357,2025-02-08,Completed,Direct,,498.78999999999996
51063,270,2024-06-27,Completed,Paid Search,,418.22
51064,68,2025-02-01,Completed,Paid Search,WELCOME10,892.48
51065,366,2024-12-22,Completed,Direct,,313.43
51066,325,2024-05-15,Completed,Email,SPRING15,216.91
51067,144,2025-01-25,Completed,Organic,,603.75
51068,357,2024-01-23,Completed,Social,,403.42
51069,295,2024-03-20,Completed,Paid Search,,1444.25
51070,216,2025-03-25,Completed,Direct,,219.99
51071,308,2025-09-08,Completed,Referral,,575.54
51072,7,2024-06-03,Completed,Paid Search,,482.35
51073,201,2024-12-01,Completed,Paid Search,SPRING15,330.3
51074,357,2025-05-12,Completed,Organic,,858.77
51075,249,2024-10-31,Completed,Email,WELCOME10,869.77
51076,115,2025-09-11,Completed,Email,,701.5899999999999
51077,83,2025-04-24,Completed,Social,,572.31
51078,128,2024-01-26,Completed,Email,,501.65
51079,50,2025-02-18,Completed,Direct,,416.58
51080,317,2024-05-24,Completed,Social,,240.09
51081,189,2024-12-24,Completed,Paid Search,,1057.48
51082,33,2024-09-23,Completed,Paid Search,WELCOME10,182.52
51083,74,2024-06-23,Completed,Paid Search,,612.41
51084,385,2025-07-10,Cancelled,Referral,,677.1600000000001
51085,73,2025-01-20,Completed,Organic,VIP25,287.43
51086,111,2024-02-05,Completed,Social,,28.76
51087,246,2024-02-17,Completed,Email,,793.27
51088,197,2025-01-06,Completed,Direct,VIP25,458.31
51089,271,2024-11-14,Completed,Referral,VIP25,677.28
51090,343,2025-02-18,Completed,Paid Search,,445.21000000000004
51091,396,2025-09-21,Completed,Organic,,342.12
51092,202,2025-03-01,Completed,Organic,SPRING15,310.46999999999997
51093,1,2024-12-31,Completed,Paid Search,,584.48
51094,248,2025-01-03,Completed,Paid Search,,651.48
51095,69,2025-02-24,Completed,Social,SPRING15,206.98
51096,213,2025-07-20,Completed,Organic,,115.15
51097,361,2024-09-26,Completed,Paid Search,VIP25,385.84
51098,149,2025-03-12,Completed,Paid Search,,115.84
51099,20,2024-01-11,Completed,Direct,,578.98
51100,151,2024-05-28,Completed,Direct,,646.3
51101,246,2024-07-28,Completed,Organic,,943.81
51102,287,2024-12-02,Completed,Organic,WELCOME10,361.56
51103,171,2024-09-19,Completed,Referral,,265.5
51104,138,2025-01-20,Completed,Paid Search,WELCOME10,330.9
51105,234,2024-04-02,Completed,Referral,SPRING15,698.57
51106,319,2025-09-23,Completed,Organic,SPRING15,504.23
51107,348,2024-11-06,Completed,Paid Search,,364.28999999999996
51108,237,2024-01-17,Completed,Social,WELCOME10,647.8000000000001
51109,67,2024-07-24,Completed,Organic,,336.36
51110,338,2024-03-08,Refunded,Social,,158.45999999999998
51111,395,2024-11-25,Completed,Direct,VIP25,672.8100000000001
51112,11,2024-12-10,Completed,Organic,VIP25,302.65
51113,193,2024-04-06,Completed,Paid Search,,618.8199999999999
51114,196,2024-01-17,Completed,Direct,WELCOME10,400.6
51115,171,2024-05-10,Completed,Email,WELCOME10,749.4
51116,147,2024-10-08,Completed,Direct,,741.52
51117,97,2025-03-05,Refunded,Paid Search,,456.14
51118,221,2024-04-29,Completed,Organic,,59.260000000000005
51119,318,2024-12-21,Completed,Organic,,35.07
51120,148,2025-06-15,Completed,Organic,WELCOME10,622.94
51121,261,2025-02-25,Completed,Social,,737.19
51122,45,2024-07-31,Completed,Direct,,117.58
51123,273,2025-07-23,Completed,Organic,,487.65
51124,73,2024-08-07,Completed,Organic,,242.76
51125,54,2025-09-08,Completed,Direct,,571.21
51126,149,2025-06-15,Completed,Paid Search,,528.51
51127,193,2024-02-08,Completed,Organic,WELCOME10,379.79999999999995
51128,196,2024-08-08,Completed,Organic,,206.06
51129,106,2025-01-21,Completed,Paid Search,WELCOME10,663.65
51130,317,2025-04-16,Completed,Organic,VIP25,242.76
51131,132,2024-03-03,Completed,Direct,WELCOME10,441.66
51132,126,2024-03-08,Completed,Direct,,612.5
51133,299,2024-06-23,Completed,Email,,383.72
51134,249,2024-09-21,Completed,Email,,394.39
51135,183,2024-06-22,Completed,Organic,,528.51
51136,37,2024-05-09,Completed,Paid Search,WELCOME10,68.03
51137,289,2024-02-16,Refunded,Organic,WELCOME10,428.94000000000005
51138,70,2024-08-18,Completed,Organic,,167.92
51139,207,2024-12-27,Completed,Paid Search,,110.31
51140,64,2025-06-09,Completed,Referral,VIP25,289.6
51141,185,2024-04-24,Completed,Organic,,434.40000000000003
51142,260,2024-02-09,Completed,Referral,VIP25,598.74
51143,240,2025-09-15,Completed,Organic,WELCOME10,290.73
51144,227,2024-08-14,Refunded,Paid Search,,820.0600000000001
51145,108,2024-08-19,Completed,Paid Search,VIP25,756.54
51146,343,2024-11-01,Refunded,Paid Search,SPRING15,800.8900000000001
51147,8,2025-06-04,Completed,Email,,592.03
51148,247,2024-05-30,Completed,Referral,,234.89
51149,334,2025-01-27,Completed,Referral,,244.44
51150,25,2025-07-12,Completed,Direct,SPRING15,237.48000000000002
51151,154,2024-11-20,Completed,Referral,,32.96
51152,199,2025-01-13,Cancelled,Social,,389.11
51153,261,2025-07-02,Completed,Organic,WELCOME10,1013.6400000000001
51154,394,2024-09-10,Completed,Social,WELCOME10,1003.69
51155,357,2024-03-08,Cancelled,Social,VIP25,601.1
51156,152,2024-07-08,Refunded,Social,,288.66
51157,32,2025-03-25,Completed,Organic,SPRING15,873.94
51158,171,2024-08-24,Completed,Organic,,29.05
51159,94,2025-09-09,Completed,Direct,SPRING15,124.32
51160,22,2024-02-26,Completed,Direct,WELCOME10,313.92
51161,185,2025-01-16,Completed,Organic,SPRING15,332.77
51162,129,2024-08-09,Completed,Organic,FREESHIP,451.05
51163,118,2024-03-30,Completed,Paid Search,VIP25,158.43
51164,337,2024-02-20,Completed,Direct,,519.36
51165,377,2025-08-16,Completed,Social,FREESHIP,389.17999999999995
51166,388,2025-06-11,Cancelled,Organic,,43.14
51167,170,2024-09-22,Completed,Paid Search,,621.28
51168,77,2024-05-31,Completed,Direct,,213.72
51169,49,2024-10-14,Completed,Paid Search,,329.21999999999997
51170,376,2024-02-20,Completed,Social,,88.42
51171,222,2024-06-17,Completed,Referral,WELCOME10,345.95
