order_id,product_id,quantity,unit_price,unit_cost
50000,1005,3,33.22,22.94
50000,1006,2,15.07,11.68
50001,1019,1,49.9,38.49
50001,1038,2,109.74,83.69
50002,1026,2,33.93,27.96
50002,1005,1,33.22,22.94
50002,1028,2,86.55,73.13
50003,1015,1,40.83,26.09
50003,1013,1,45.68,29.42
50003,1033,1,173.12,114.12
50004,1032,1,14.38,12.48
50004,1012,2,158.43,100.73
50004,1001,2,156.96,114.33
50005,1007,1,144.78,104.61
50005,1013,2,45.68,29.42
50006,1008,3,103.49,74.13
50006,1012,2,158.43,100.73
50007,1024,2,73.33,57.45
50008,1017,1,80.92,65.35
50008,1036,1,59.93,40.03
50009,1028,2,86.55,73.13
50009,1022,3,58.79,38.6
50009,1027,3,96.91,64.14
50009,1030,2,112.12,74.87
50010,1026,1,33.93,27.96
50010,1033,1,173.12,114.12
50011,1014,3,36.77,25.91
50011,1016,2,47.58,39.99
50012,1010,3,11.69,7.37
50012,1020,1,99.84,75.36
50012,1008,3,103.49,74.13
50013,1001,1,156.96,114.33
50013,1037,2,19.21,16.23
50014,1007,1,144.78,104.61
50015,1025,2,132.87,95.3
50016,1008,2,103.49,74.13
50016,1011,1,174.67,116.54
50017,1036,2,59.93,40.03
50018,1017,2,80.92,65.35
50018,1023,3,61.77,47.13
50018,1012,1,158.43,100.73
50018,1011,3,174.67,116.54
50019,1012,3,158.43,100.73
50020,1033,1,173.12,114.12
50020,1018,2,63.98,54.67
50021,1010,3,11.69,7.37
50021,1025,2,132.87,95.3
50021,1005,1,33.22,22.94
50022,1017,3,80.92,65.35
50022,1015,2,40.83,26.09
50022,1026,1,33.93,27.96
50023,1025,2,132.87,95.3
50023,1003,3,115.15,73.85
50024,1029,3,16.48,10.34
50024,1034,2,170.37,116.05
50024,1028,1,86.55,73.13
50025,1037,2,19.21,16.23
50026,1010,2,11.69,7.37
50026,1030,3,112.12,74.87
50026,1009,1,106.58,86.43
50026,1012,2,158.43,100.73
50027,1015,1,40.83,26.09
50028,1020,2,99.84,75.36
50028,1012,3,158.43,100.73
50029,1025,2,132.87,95.3
50029,1037,1,19.21,16.23
50029,1038,3,109.74,83.69
50030,1023,2,61.77,47.13
50030,1014,1,36.77,25.91
50030,1018,3,63.98,54.67
50030,1033,1,173.12,114.12
50031,1024,3,73.33,57.45
50031,1030,2,112.12,74.87
50031,1035,1,144.8,97.97
50031,1021,1,26.77,21.04
50032,1023,2,61.77,47.13
50032,1031,3,30.5,24.61
50033,1022,1,58.79,38.6
50034,1004,3,29.05,22.94
50034,1026,3,33.93,27.96
50034,1032,1,14.38,12.48
50035,1031,3,30.5,24.61
50036,1035,2,144.8,97.97
50036,1036,1,59.93,40.03
50037,1010,2,11.69,7.37
50037,1008,2,103.49,74.13
50037,1034,2,170.37,116.05
50038,1038,2,109.74,83.69
50038,1029,1,16.48,10.34
50038,1030,3,112.12,74.87
50038,1023,1,61.77,47.13
50039,1006,3,15.07,11.68
50039,1036,3,59.93,40.03
50040,1028,2,86.55,73.13
50041,1014,1,36.77,25.91
50041,1021,1,26.77,21.04
50041,1036,2,59.93,40.03
50041,1028,2,86.55,73.13
50041,1013,2,45.68,29.42
50042,1036,1,59.93,40.03
50043,1000,1,57.92,48.07
50043,1025,1,132.87,95.3
50044,1008,1,103.49,74.13
50044,1023,3,61.77,47.13
50045,1007,2,144.78,104.61
50045,1039,2,66.86,55.62
50045,1018,3,63.98,54.67
50046,1033,1,173.12,114.12
50046,1008,3,103.49,74.13
50047,1007,1,144.78,104.61
50048,1031,3,30.5,24.61
50048,1018,3,63.98,54.67
50049,1014,2,36.77,25.91
50049,1033,1,173.12,114.12
50049,1019,2,49.9,38.49
50049,1030,1,112.12,74.87
50049,1029,1,16.48,10.34
50050,1005,3,33.22,22.94
50050,1004,3,29.05,22.94
50050,1010,1,11.69,7.37
50050,1032,3,14.38,12.48
50050,1029,2,16.48,10.34
50051,1031,3,30.5,24.61
50051,1026,2,33.93,27.96
50051,1033,3,173.12,114.12
50051,1034,1,170.37,116.05
50052,1021,2,26.77,21.04
50052,1013,2,45.68,29.42
50052,1000,1,57.92,48.07
50052,1012,1,158.43,100.73
50053,1031,1,30.5,24.61
50054,1027,1,96.91,64.14
50054,1001,1,156.96,114.33
50054,1022,1,58.79,38.6
50055,1035,1,144.8,97.97
50055,1032,3,14.38,12.48
50055,1014,2,36.77,25.91
50055,1012,1,158.43,100.73
50056,1038,1,109.74,83.69
50056,1018,1,63.98,54.67
50056,1036,1,59.93,40.03
50057,1019,2,49.9,38.49
50058,1028,3,86.55,73.13
50058,1007,3,144.78,104.61
50058,1036,1,59.93,40.03
50058,1000,3,57.92,48.07
50059,1005,2,33.22,22.94
50060,1007,1,144.78,104.61
50060,1024,3,73.33,57.45
50061,1039,1,66.86,55.62
50061,1028,1,86.55,73.13
50061,1035,1,144.8,97.97
50061,1009,1,106.58,86.43
50062,1017,1,80.92,65.35
50062,1024,1,73.33,57.45
50062,1038,1,109.74,83.69
50063,1012,1,158.43,100.73
50063,1026,3,33.93,27.96
50063,1019,1,49.9,38.49
50063,1010,3,11.69,7.37
50063,1005,2,33.22,22.94
50064,1017,1,80.92,65.35
50064,1003,1,115.15,73.85
50064,1039,3,66.86,55.62
50065,1002,1,103.94,89.18
50065,1028,1,86.55,73.13
50066,1034,1,170.37,116.05
50066,1029,2,16.48,10.34
50066,1001,3,156.96,114.33
50066,1039,1,66.86,55.62
50067,1014,1,36.77,25.91
50068,1006,3,15.07,11.68
50068,1020,1,99.84,75.36
50068,1008,1,103.49,74.13
50068,1025,1,132.87,95.3
50068,1017,3,80.92,65.35
50069,1033,1,173.12,114.12
50069,1034,3,170.37,116.05
50069,1005,2,33.22,22.94
50069,1013,3,45.68,29.42
50069,1030,2,112.12,74.87
50070,1038,2,109.74,83.69
50070,1002,3,103.94,89.18
50070,1020,2,99.84,75.36
50070,1011,2,174.67,116.54
50070,1006,1,15.07,11.68
50071,1019,3,49.9,38.49
50071,1013,2,45.68,29.42
50072,1035,2,144.8,97.97
50072,1030,1,112.12,74.87
50072,1037,2,19.21,16.23
50072,1005,1,33.22,22.94
50073,1017,2,80.92,65.35
50073,1027,3,96.91,64.14
50073,1038,3,109.74,83.69
50074,1001,2,156.96,114.33
50074,1029,2,16.48,10.34
50074,1024,2,73.33,57.45
50074,1015,2,40.83,26.09
50074,1000,1,57.92,48.07
50075,1034,3,170.37,116.05
50075,1033,1,173.12,114.12
50075,1023,2,61.77,47.13
50076,1033,2,173.12,114.12
50076,1037,1,19.21,16.23
50076,1008,3,103.49,74.13
50076,1027,3,96.91,64.14
50077,1028,1,86.55,73.13
50077,1038,2,109.74,83.69
50077,1014,3,36.77,25.91
50078,1007,2,144.78,104.61
50078,1000,3,57.92,48.07
50079,1007,2,144.78,104.61
50079,1010,1,11.69,7.37
50079,1029,2,16.48,10.34
50080,1022,3,58.79,38.6
50081,1028,3,86.55,73.13
50081,1029,1,16.48,10.34
50081,1023,3,61.77,47.13
50082,1023,3,61.77,47.13
50082,1001,1,156.96,114.33
50083,1018,2,63.98,54.67
50084,1005,2,33.22,22.94
50084,1003,1,115.15,73.85
50084,1031,3,30.5,24.61
50085,1022,3,58.79,38.6
50085,1019,1,49.9,38.49
50085,1029,1,16.48,10.34
50086,1024,2,73.33,57.45
50086,1022,1,58.79,38.6
50086,1039,2,66.86,55.62
50086,1005,1,33.22,22.94
50086,1019,3,49.9,38.49
50087,1022,3,58.79,38.6
50087,1035,3,144.8,97.97
50088,1037,3,19.21,16.23
50088,1016,3,47.58,39.99
50088,1029,1,16.48,10.34
50088,1039,3,66.86,55.62
50088,1019,2,49.9,38.49
50089,1022,2,58.79,38.6
50090,1039,1,66.86,55.62
50090,1023,1,61.77,47.13
50090,1001,2,156.96,114.33
50091,1005,1,33.22,22.94
50091,1021,3,26.77,21.04
50091,1001,2,156.96,114.33
50091,1011,3,174.67,116.54
50092,1015,1,40.83,26.09
50092,1000,1,57.92,48.07
50093,1029,1,16.48,10.34
50093,1004,1,29.05,22.94
50094,1017,2,80.92,65.35
50094,1025,1,132.87,95.3
50094,1016,1,47.58,39.99
50094,1035,3,144.8,97.97
50095,1033,3,173.12,114.12
50096,1003,3,115.15,73.85
50097,1006,3,15.07,11.68
50097,1025,1,132.87,95.3
50098,1012,2,158.43,100.73
50098,1007,1,144.78,104.61
50098,1031,2,30.5,24.61
50098,1039,1,66.86,55.62
50098,1028,1,86.55,73.13
50099,1033,3,173.12,114.12
50100,1006,2,15.07,11.68
50100,1003,3,115.15,73.85
50100,1018,1,63.98,54.67
50100,1001,3,156.96,114.33
50101,1021,3,26.77,21.04
50101,1008,2,103.49,74.13
50102,1034,2,170.37,116.05
50102,1024,3,73.33,57.45
50102,1033,2,173.12,114.12
50102,1000,1,57.92,48.07
50102,1016,3,47.58,39.99
50103,1035,1,144.8,97.97
50103,1024,3,73.33,57.45
50103,1001,2,156.96,114.33
50103,1013,1,45.68,29.42
50104,1007,1,144.78,104.61
50104,1020,3,99.84,75.36
50104,1017,2,80.92,65.35
50104,1023,3,61.77,47.13
50104,1012,1,158.43,100.73
50105,1036,3,59.93,40.03
50105,1002,3,103.94,89.18
50106,1032,3,14.38,12.48
50106,1029,1,16.48,10.34
50106,1013,2,45.68,29.42
50106,1007,2,144.78,104.61
50107,1007,2,144.78,104.61
50107,1014,2,36.77,25.91
50107,1024,3,73.33,57.45
50107,1005,2,33.22,22.94
50108,1002,2,103.94,89.18
50108,1018,1,63.98,54.67
50109,1002,1,103.94,89.18
50109,1016,1,47.58,39.99
50110,1032,2,14.38,12.48
50110,1036,3,59.93,40.03
50110,1017,1,80.92,65.35
50111,1034,3,170.37,116.05
50112,1013,1,45.68,29.42
50112,1004,3,29.05,22.94
50112,1000,3,57.92,48.07
50113,1004,2,29.05,22.94
50113,1001,2,156.96,114.33
50113,1022,1,58.79,38.6
50113,1026,1,33.93,27.96
50114,1038,3,109.74,83.69
50114,1012,2,158.43,100.73
50114,1028,1,86.55,73.13
50114,1018,2,63.98,54.67
50114,1013,1,45.68,29.42
50115,1027,1,96.91,64.14
50116,1029,3,16.48,10.34
50116,1000,1,57.92,48.07
50116,1018,3,63.98,54.67
50116,1019,3,49.9,38.49
50116,1033,3,173.12,114.12
50117,1010,2,11.69,7.37
50117,1025,2,132.87,95.3
50117,1039,2,66.86,55.62
50117,1033,1,173.12,114.12
50117,1024,1,73.33,57.45
50118,1016,3,47.58,39.99
50118,1029,3,16.48,10.34
50118,1023,3,61.77,47.13
50118,1014,3,36.77,25.91
50118,1022,3,58.79,38.6
50119,1009,1,106.58,86.43
50120,1002,2,103.94,89.18
50120,1033,3,173.12,114.12
50120,1027,1,96.91,64.14
50120,1010,1,11.69,7.37
50120,1013,2,45.68,29.42
50121,1012,3,158.43,100.73
50122,1006,1,15.07,11.68
50122,1018,1,63.98,54.67
50122,1031,1,30.5,24.61
50122,1000,2,57.92,48.07
50122,1010,1,11.69,7.37
50123,1036,2,59.93,40.03
50123,1029,1,16.48,10.34
50123,1037,3,19.21,16.23
50123,1021,2,26.77,21.04
50123,1038,3,109.74,83.69
50124,1039,3,66.86,55.62
50124,1000,1,57.92,48.07
50125,1029,3,16.48,10.34
50125,1018,3,63.98,54.67
50125,1032,2,14.38,12.48
50126,1036,1,59.93,40.03
50126,1032,2,14.38,12.48
50127,1009,1,106.58,86.43
50128,1027,3,96.91,64.14
50128,1015,3,40.83,26.09
50128,1004,3,29.05,22.94
50128,1001,2,156.96,114.33
50128,1030,3,112.12,74.87
50129,1012,1,158.43,100.73
50129,1009,3,106.58,86.43
50129,1037,3,19.21,16.23
50129,1008,3,103.49,74.13
50129,1006,1,15.07,11.68
50130,1007,3,144.78,104.61
50130,1028,2,86.55,73.13
50130,1002,1,103.94,89.18
50131,1036,2,59.93,40.03
50132,1025,1,132.87,95.3
50133,1029,3,16.48,10.34
50133,1014,1,36.77,25.91
50134,1022,2,58.79,38.6
50135,1013,3,45.68,29.42
50135,1025,2,132.87,95.3
50135,1003,2,115.15,73.85
50135,1023,2,61.77,47.13
50136,1039,2,66.86,55.62
50137,1010,1,11.69,7.37
50138,1005,2,33.22,22.94
50138,1038,3,109.74,83.69
50138,1016,2,47.58,39.99
50139,1038,1,109.74,83.69
50139,1031,3,30.5,24.61
50139,1030,1,112.12,74.87
50139,1016,1,47.58,39.99
50139,1017,1,80.92,65.35
50140,1016,3,47.58,39.99
50140,1020,1,99.84,75.36
50140,1036,3,59.93,40.03
50140,1037,2,19.21,16.23
50140,1031,3,30.5,24.61
50141,1005,2,33.22,22.94
50141,1030,2,112.12,74.87
50142,1032,3,14.38,12.48
50142,1004,3,29.05,22.94
50142,1017,2,80.92,65.35
50143,1035,1,144.8,97.97
50144,1003,1,115.15,73.85
50144,1001,3,156.96,114.33
50144,1016,1,47.58,39.99
50145,1027,3,96.91,64.14
50146,1037,1,19.21,16.23
50147,1033,3,173.12,114.12
50147,1010,3,11.69,7.37
50147,1007,3,144.78,104.61
50147,1002,3,103.94,89.18
50148,1024,2,73.33,57.45
50148,1030,3,112.12,74.87
50149,1003,3,115.15,73.85
50149,1030,2,112.12,74.87
50149,1022,3,58.79,38.6
50149,1036,1,59.93,40.03
50149,1020,2,99.84,75.36
50150,1020,2,99.84,75.36
50150,1035,3,144.8,97.97
50150,1002,2,103.94,89.18
50150,1008,3,103.49,74.13
50150,1009,2,106.58,86.43
50151,1031,2,30.5,24.61
50151,1011,2,174.67,116.54
50152,1007,1,144.78,104.61
50152,1020,1,99.84,75.36
50152,1013,3,45.68,29.42
50153,1030,2,112.12,74.87
50153,1002,3,103.94,89.18
50154,1021,1,26.77,21.04
50154,1035,1,144.8,97.97
50154,1017,1,80.92,65.35
50154,1024,3,73.33,57.45
50154,1015,1,40.83,26.09
50155,1013,3,45.68,29.42
50155,1005,3,33.22,22.94
50155,1036,3,59.93,40.03
50156,1007,1,144.78,104.61
50157,1005,2,33.22,22.94
50157,1009,1,106.58,86.43
50158,1022,2,58.79,38.6
50158,1025,1,132.87,95.3
50159,1032,3,14.38,12.48
50159,1027,2,96.91,64.14
50159,1016,2,47.58,39.99
50160,1039,3,66.86,55.62
50160,1030,1,112.12,74.87
50160,1000,3,57.92,48.07
50160,1018,1,63.98,54.67
50160,1016,3,47.58,39.99
50161,1011,1,174.67,116.54
50161,1036,2,59.93,40.03
50162,1026,2,33.93,27.96
50162,1007,1,144.78,104.61
50162,1032,1,14.38,12.48
50163,1026,3,33.93,27.96
50163,1024,2,73.33,57.45
50163,1039,3,66.86,55.62
50163,1011,3,174.67,116.54
50164,1009,3,106.58,86.43
50164,1020,1,99.84,75.36
50164,1037,1,19.21,16.23
50165,1005,1,33.22,22.94
50165,1029,3,16.48,10.34
50165,1022,1,58.79,38.6
50165,1036,2,59.93,40.03
50165,1003,1,115.15,73.85
50166,1004,1,29.05,22.94
50166,1035,2,144.8,97.97
50166,1011,2,174.67,116.54
50166,1003,1,115.15,73.85
50166,1032,3,14.38,12.48
50167,1003,1,115.15,73.85
50167,1007,2,144.78,104.61
50167,1018,2,63.98,54.67
50168,1000,2,57.92,48.07
50168,1023,3,61.77,47.13
50169,1030,1,112.12,74.87
50169,1023,3,61.77,47.13
50170,1015,2,40.83,26.09
50170,1012,3,158.43,100.73
50170,1035,1,144.8,97.97
50170,1009,2,106.58,86.43
50171,1015,1,40.83,26.09
50171,1000,3,57.92,48.07
50171,1012,2,158.43,100.73
50171,1010,2,11.69,7.37
50171,1034,2,170.37,116.05
50172,1031,3,30.5,24.61
50172,1019,1,49.9,38.49
50172,1037,2,19.21,16.23
50172,1021,1,26.77,21.04
50172,1033,3,173.12,114.12
50173,1009,3,106.58,86.43
50174,1037,3,19.21,16.23
50174,1022,1,58.79,38.6
50174,1001,3,156.96,114.33
50174,1017,2,80.92,65.35
50174,1015,3,40.83,26.09
50175,1028,3,86.55,73.13
50175,1027,3,96.91,64.14
50175,1021,3,26.77,21.04
50175,1022,2,58.79,38.6
50175,1002,3,103.94,89.18
50176,1014,2,36.77,25.91
50177,1020,2,99.84,75.36
50177,1003,2,115.15,73.85
50178,1015,3,40.83,26.09
50178,1038,1,109.74,83.69
50178,1023,3,61.77,47.13
50179,1029,2,16.48,10.34
50179,1005,1,33.22,22.94
50180,1019,1,49.9,38.49
50181,1006,3,15.07,11.68
50181,1029,3,16.48,10.34
50181,1021,3,26.77,21.04
50181,1030,3,112.12,74.87
50182,1013,2,45.68,29.42
50182,1029,2,16.48,10.34
50182,1018,2,63.98,54.67
50182,1001,3,156.96,114.33
50183,1004,2,29.05,22.94
50184,1006,2,15.07,11.68
50184,1009,3,106.58,86.43
50184,1037,2,19.21,16.23
50184,1008,2,103.49,74.13
50184,1027,3,96.91,64.14
50185,1035,2,144.8,97.97
50186,1010,3,11.69,7.37
50186,1027,2,96.91,64.14
50186,1032,3,14.38,12.48
50186,1029,1,16.48,10.34
50187,1022,2,58.79,38.6
50187,1012,2,158.43,100.73
50188,1034,2,170.37,116.05
50188,1006,2,15.07,11.68
50188,1026,2,33.93,27.96
50188,1018,2,63.98,54.67
50188,1021,2,26.77,21.04
50189,1035,2,144.8,97.97
50189,1021,1,26.77,21.04
50190,1037,1,19.21,16.23
50190,1006,2,15.07,11.68
50190,1016,3,47.58,39.99
50190,1025,2,132.87,95.3
50191,1001,1,156.96,114.33
50191,1009,1,106.58,86.43
50191,1037,2,19.21,16.23
50191,1000,2,57.92,48.07
50191,1025,2,132.87,95.3
50192,1006,3,15.07,11.68
50192,1020,2,99.84,75.36
50193,1006,3,15.07,11.68
50193,1011,1,174.67,116.54
50194,1014,1,36.77,25.91
50194,1021,3,26.77,21.04
50194,1004,2,29.05,22.94
50194,1024,2,73.33,57.45
50194,1032,2,14.38,12.48
50195,1030,3,112.12,74.87
50196,1028,3,86.55,73.13
50197,1033,1,173.12,114.12
50197,1038,1,109.74,83.69
50197,1037,3,19.21,16.23
50197,1035,2,144.8,97.97
50198,1035,3,144.8,97.97
50198,1000,2,57.92,48.07
50198,1006,3,15.07,11.68
50198,1011,2,174.67,116.54
50198,1003,1,115.15,73.85
50199,1023,1,61.77,47.13
50200,1018,2,63.98,54.67
50201,1002,1,103.94,89.18
50201,1027,1,96.91,64.14
50202,1006,1,15.07,11.68
50202,1038,2,109.74,83.69
50202,1030,2,112.12,74.87
50203,1032,1,14.38,12.48
50203,1031,2,30.5,24.61
50204,1024,1,73.33,57.45
50205,1009,1,106.58,86.43
50205,1026,3,33.93,27.96
50206,1025,2,132.87,95.3
50206,1006,3,15.07,11.68
50206,1028,1,86.55,73.13
50206,1010,2,11.69,7.37
50207,1017,1,80.92,65.35
50207,1036,2,59.93,40.03
50207,1001,2,156.96,114.33
50207,1003,1,115.15,73.85
50207,1008,3,103.49,74.13
50208,1009,2,106.58,86.43
50208,1010,1,11.69,7.37
50208,1034,1,170.37,116.05
50209,1036,1,59.93,40.03
50209,1032,2,14.38,12.48
50210,1015,2,40.83,26.09
50211,1003,1,115.15,73.85
50211,1027,3,96.91,64.14
50211,1014,2,36.77,25.91
50212,1034,3,170.37,116.05
50212,1009,3,106.58,86.43
50212,1018,2,63.98,54.67
50213,1015,1,40.83,26.09
50213,1027,1,96.91,64.14
50213,1014,1,36.77,25.91
50213,1033,1,173.12,114.12
50213,1023,3,61.77,47.13
50214,1022,3,58.79,38.6
50214,1017,1,80.92,65.35
50215,1014,3,36.77,25.91
50215,1032,2,14.38,12.48
50215,1034,1,170.37,116.05
50215,1006,2,15.07,11.68
50215,1013,1,45.68,29.42
50216,1008,3,103.49,74.13
50217,1028,3,86.55,73.13
50217,1030,1,112.12,74.87
50217,1007,3,144.78,104.61
50217,1019,2,49.9,38.49
50217,1035,1,144.8,97.97
50218,1026,3,33.93,27.96
50218,1018,3,63.98,54.67
50219,1012,3,158.43,100.73
50219,1025,3,132.87,95.3
50220,1024,3,73.33,57.45
50220,1017,2,80.92,65.35
50220,1026,3,33.93,27.96
50221,1000,2,57.92,48.07
50222,1019,1,49.9,38.49
50222,1022,3,58.79,38.6
50222,1000,1,57.92,48.07
50222,1011,2,174.67,116.54
50223,1011,2,174.67,116.54
50223,1004,3,29.05,22.94
50224,1012,3,158.43,100.73
50224,1001,1,156.96,114.33
50225,1004,2,29.05,22.94
50225,1031,2,30.5,24.61
50225,1013,2,45.68,29.42
50225,1005,1,33.22,22.94
50226,1004,3,29.05,22.94
50226,1019,3,49.9,38.49
50226,1026,1,33.93,27.96
50226,1021,1,26.77,21.04
50226,1035,3,144.8,97.97
50227,1006,2,15.07,11.68
50228,1015,2,40.83,26.09
50229,1035,1,144.8,97.97
50229,1034,3,170.37,116.05
50229,1026,3,33.93,27.96
50229,1033,1,173.12,114.12
50229,1018,2,63.98,54.67
50230,1005,1,33.22,22.94
50230,1015,2,40.83,26.09
50230,1013,3,45.68,29.42
50230,1007,3,144.78,104.61
50231,1038,1,109.74,83.69
50231,1011,2,174.67,116.54
50231,1021,3,26.77,21.04
50231,1026,1,33.93,27.96
50232,1034,2,170.37,116.05
50232,1027,2,96.91,64.14
50232,1038,1,109.74,83.69
50232,1001,3,156.96,114.33
50232,1031,3,30.5,24.61
50233,1002,1,103.94,89.18
50233,1012,2,158.43,100.73
50233,1000,3,57.92,48.07
50233,1023,2,61.77,47.13
50233,1036,3,59.93,40.03
50234,1009,3,106.58,86.43
50234,1020,1,99.84,75.36
50234,1001,1,156.96,114.33
50235,1001,3,156.96,114.33
50235,1020,3,99.84,75.36
50236,1025,3,132.87,95.3
50236,1033,1,173.12,114.12
50236,1029,2,16.48,10.34
50236,1001,2,156.96,114.33
50236,1003,2,115.15,73.85
50237,1025,2,132.87,95.3
50237,1015,3,40.83,26.09
50237,1022,3,58.79,38.6
50237,1018,2,63.98,54.67
50238,1021,3,26.77,21.04
50238,1039,3,66.86,55.62
50238,1033,2,173.12,114.12
50239,1025,2,132.87,95.3
50239,1000,1,57.92,48.07
50239,1033,1,173.12,114.12
50239,1007,2,144.78,104.61
50239,1016,2,47.58,39.99
50240,1017,3,80.92,65.35
50240,1019,2,49.9,38.49
50241,1011,1,174.67,116.54
50241,1015,3,40.83,26.09
50241,1001,1,156.96,114.33
50241,1029,2,16.48,10.34
50241,1023,1,61.77,47.13
50242,1022,1,58.79,38.6
50242,1028,1,86.55,73.13
50243,1020,1,99.84,75.36
50243,1023,3,61.77,47.13
50243,1029,2,16.48,10.34
50244,1003,1,115.15,73.85
50245,1017,3,80.92,65.35
50245,1034,2,170.37,116.05
50245,1003,2,115.15,73.85
50245,1035,2,144.8,97.97
50245,1023,1,61.77,47.13
50246,1024,1,73.33,57.45
50246,1009,3,106.58,86.43
50246,1012,3,158.43,100.73
50246,1025,3,132.87,95.3
50246,1027,3,96.91,64.14
50247,1039,1,66.86,55.62
50247,1027,1,96.91,64.14
50248,1021,1,26.77,21.04
50248,1035,3,144.8,97.97
50248,1032,2,14.38,12.48
50248,1031,2,30.5,24.61
50248,1001,3,156.96,114.33
50249,1016,3,47.58,39.99
50250,1008,1,103.49,74.13
50250,1026,3,33.93,27.96
50250,1029,2,16.48,10.34
50250,1028,1,86.55,73.13
50251,1005,3,33.22,22.94
50251,1017,3,80.92,65.35
50251,1024,1,73.33,57.45
50252,1030,1,112.12,74.87
50252,1024,2,73.33,57.45
50253,1022,3,58.79,38.6
50253,1026,3,33.93,27.96
50254,1016,2,47.58,39.99
50254,1027,3,96.91,64.14
50254,1013,2,45.68,29.42
50254,1037,2,19.21,16.23
50254,1038,1,109.74,83.69
50255,1021,2,26.77,21.04
50255,1034,1,170.37,116.05
50256,1029,1,16.48,10.34
50257,1035,3,144.8,97.97
50257,1010,3,11.69,7.37
50257,1017,2,80.92,65.35
50257,1026,1,33.93,27.96
50257,1001,2,156.96,114.33
50258,1027,1,96.91,64.14
50258,1000,2,57.92,48.07
50258,1017,1,80.92,65.35
50259,1031,2,30.5,24.61
50259,1017,1,80.92,65.35
50259,1001,2,156.96,114.33
50259,1005,1,33.22,22.94
50260,1023,3,61.77,47.13
50260,1038,2,109.74,83.69
50260,1013,3,45.68,29.42
50260,1039,2,66.86,55.62
50260,1019,2,49.9,38.49
50261,1011,2,174.67,116.54
50261,1022,1,58.79,38.6
50261,1012,2,158.43,100.73
50262,1015,1,40.83,26.09
50262,1029,2,16.48,10.34
50263,1018,3,63.98,54.67
50264,1001,1,156.96,114.33
50264,1014,3,36.77,25.91
50264,1008,2,103.49,74.13
50264,1006,1,15.07,11.68
50264,1002,2,103.94,89.18
50265,1036,2,59.93,40.03
50265,1037,3,19.21,16.23
50266,1031,1,30.5,24.61
50266,1035,3,144.8,97.97
50266,1027,3,96.91,64.14
50267,1015,2,40.83,26.09
50267,1008,1,103.49,74.13
50268,1019,1,49.9,38.49
50268,1010,3,11.69,7.37
50268,1000,2,57.92,48.07
50269,1037,2,19.21,16.23
50269,1022,3,58.79,38.6
50269,1011,1,174.67,116.54
50269,1017,2,80.92,65.35
50269,1019,2,49.9,38.49
50270,1037,2,19.21,16.23
50270,1018,2,63.98,54.67
50270,1012,1,158.43,100.73
50270,1016,2,47.58,39.99
50270,1015,3,40.83,26.09
50271,1001,1,156.96,114.33
50272,1018,2,63.98,54.67
50272,1014,3,36.77,25.91
50272,1025,2,132.87,95.3
50272,1000,3,57.92,48.07
50272,1026,1,33.93,27.96
50273,1025,3,132.87,95.3
50273,1023,3,61.77,47.13
50273,1012,3,158.43,100.73
50273,1028,3,86.55,73.13
50273,1019,2,49.9,38.49
50274,1021,1,26.77,21.04
50275,1008,2,103.49,74.13
50275,1023,2,61.77,47.13
50275,1038,2,109.74,83.69
50275,1022,1,58.79,38.6
50276,1032,1,14.38,12.48
50276,1026,2,33.93,27.96
50276,1034,3,170.37,116.05
50277,1001,2,156.96,114.33
50277,1000,3,57.92,48.07
50277,1020,2,99.84,75.36
50277,1016,1,47.58,39.99
50277,1006,2,15.07,11.68
50278,1021,2,26.77,21.04
50278,1002,2,103.94,89.18
50278,1005,1,33.22,22.94
50278,1001,3,156.96,114.33
50278,1031,2,30.5,24.61
50279,1000,2,57.92,48.07
50279,1015,3,40.83,26.09
50279,1028,1,86.55,73.13
50279,1019,3,49.9,38.49
50280,1021,2,26.77,21.04
50281,1008,1,103.49,74.13
50281,1025,3,132.87,95.3
50281,1034,1,170.37,116.05
50282,1008,3,103.49,74.13
50282,1025,3,132.87,95.3
50283,1004,3,29.05,22.94
50283,1005,2,33.22,22.94
50283,1023,1,61.77,47.13
50283,1029,3,16.48,10.34
50284,1014,3,36.77,25.91
50285,1034,1,170.37,116.05
50286,1032,1,14.38,12.48
50286,1031,3,30.5,24.61
50286,1013,2,45.68,29.42
50287,1022,1,58.79,38.6
50287,1016,3,47.58,39.99
50287,1033,1,173.12,114.12
50288,1010,2,11.69,7.37
50288,1001,2,156.96,114.33
50288,1013,1,45.68,29.42
50288,1034,3,170.37,116.05
50288,1037,3,19.21,16.23
50289,1038,1,109.74,83.69
50289,1021,3,26.77,21.04
50289,1037,1,19.21,16.23
50290,1017,3,80.92,65.35
50290,1009,2,106.58,86.43
50290,1036,2,59.93,40.03
50290,1035,3,144.8,97.97
50291,1026,3,33.93,27.96
50291,1028,1,86.55,73.13
50291,1034,1,170.37,116.05
50291,1007,1,144.78,104.61
50292,1015,1,40.83,26.09
50292,1026,2,33.93,27.96
50292,1032,3,14.38,12.48
50293,1034,1,170.37,116.05
50293,1037,3,19.21,16.23
50293,1003,3,115.15,73.85
50294,1019,1,49.9,38.49
50294,1020,1,99.84,75.36
50294,1008,3,103.49,74.13
50295,1009,1,106.58,86.43
50295,1016,1,47.58,39.99
50295,1030,1,112.12,74.87
50295,1033,3,173.12,114.12
50295,1020,2,99.84,75.36
50296,1016,2,47.58,39.99
50296,1028,2,86.55,73.13
50296,1015,1,40.83,26.09
50296,1031,2,30.5,24.61
50297,1010,3,11.69,7.37
50298,1038,1,109.74,83.69
50298,1027,2,96.91,64.14
50299,1011,3,174.67,116.54
50299,1024,2,73.33,57.45
50300,1037,2,19.21,16.23
50300,1018,1,63.98,54.67
50301,1028,1,86.55,73.13
50301,1024,2,73.33,57.45
50302,1023,2,61.77,47.13
50302,1017,1,80.92,65.35
50303,1003,2,115.15,73.85
50303,1013,3,45.68,29.42
50303,1017,2,80.92,65.35
50303,1036,1,59.93,40.03
50303,1027,2,96.91,64.14
50304,1003,3,115.15,73.85
50304,1031,3,30.5,24.61
50304,1030,2,112.12,74.87
50304,1024,2,73.33,57.45
50304,1017,1,80.92,65.35
50305,1030,1,112.12,74.87
50305,1033,2,173.12,114.12
50306,1000,3,57.92,48.07
50307,1022,1,58.79,38.6
50307,1004,2,29.05,22.94
50307,1033,2,173.12,114.12
50308,1001,3,156.96,114.33
50308,1014,3,36.77,25.91
50308,1015,3,40.83,26.09
50309,1013,2,45.68,29.42
50309,1005,3,33.22,22.94
50310,1033,3,173.12,114.12
50310,1002,1,103.94,89.18
50310,1016,2,47.58,39.99
50310,1034,1,170.37,116.05
50311,1009,3,106.58,86.43
50311,1023,3,61.77,47.13
50312,1001,3,156.96,114.33
50312,1022,2,58.79,38.6
50312,1036,1,59.93,40.03
50312,1031,2,30.5,24.61
50313,1021,2,26.77,21.04
50313,1026,3,33.93,27.96
50313,1032,2,14.38,12.48
50314,1037,3,19.21,16.23
50314,1001,2,156.96,114.33
50315,1037,3,19.21,16.23
50315,1032,2,14.38,12.48
50315,1003,3,115.15,73.85
50316,1001,2,156.96,114.33
50316,1030,2,112.12,74.87
50316,1021,2,26.77,21.04
50316,1015,2,40.83,26.09
50316,1023,3,61.77,47.13
50317,1028,2,86.55,73.13
50317,1029,3,16.48,10.34
50318,1006,1,15.07,11.68
50318,1019,1,49.9,38.49
50318,1029,2,16.48,10.34
50318,1004,1,29.05,22.94
50318,1008,3,103.49,74.13
50319,1035,1,144.8,97.97
50319,1029,1,16.48,10.34
50320,1032,3,14.38,12.48
50320,1001,3,156.96,114.33
50320,1011,1,174.67,116.54
50320,1016,3,47.58,39.99
50321,1034,3,170.37,116.05
50321,1009,3,106.58,86.43
50321,1039,1,66.86,55.62
50322,1017,1,80.92,65.35
50322,1001,3,156.96,114.33
50322,1018,3,63.98,54.67
50322,1021,3,26.77,21.04
50323,1034,2,170.37,116.05
50323,1012,3,158.43,100.73
50324,1024,3,73.33,57.45
50324,1026,1,33.93,27.96
50324,1032,3,14.38,12.48
50325,1032,1,14.38,12.48
50325,1007,1,144.78,104.61
50325,1008,1,103.49,74.13
50325,1036,2,59.93,40.03
50325,1012,3,158.43,100.73
50326,1039,1,66.86,55.62
50326,1034,2,170.37,116.05
50326,1024,1,73.33,57.45
50326,1014,2,36.77,25.91
50326,1010,1,11.69,7.37
50327,1004,2,29.05,22.94
50327,1007,2,144.78,104.61
50328,1003,3,115.15,73.85
50328,1012,1,158.43,100.73
50329,1008,1,103.49,74.13
50329,1018,2,63.98,54.67
50329,1015,3,40.83,26.09
50330,1009,3,106.58,86.43
50331,1025,3,132.87,95.3
50331,1020,3,99.84,75.36
50331,1022,2,58.79,38.6
50331,1004,1,29.05,22.94
50332,1014,2,36.77,25.91
50332,1010,2,11.69,7.37
50332,1023,1,61.77,47.13
50332,1003,3,115.15,73.85
50333,1017,1,80.92,65.35
50333,1018,3,63.98,54.67
50334,1001,1,156.96,114.33
50334,1018,2,63.98,54.67
50335,1001,3,156.96,114.33
50335,1008,1,103.49,74.13
50335,1021,2,26.77,21.04
50335,1019,1,49.9,38.49
50336,1013,1,45.68,29.42
50336,1021,3,26.77,21.04
50337,1011,2,174.67,116.54
50337,1013,3,45.68,29.42
50337,1025,2,132.87,95.3
50337,1039,2,66.86,55.62
50338,1022,1,58.79,38.6
50338,1003,3,115.15,73.85
50338,1008,1,103.49,74.13
50338,1009,2,106.58,86.43
50338,1018,1,63.98,54.67
50339,1019,3,49.9,38.49
50339,1027,2,96.91,64.14
50340,1012,3,158.43,100.73
50340,1026,2,33.93,27.96
50340,1011,2,174.67,116.54
50340,1028,2,86.55,73.13
50340,1030,3,112.12,74.87
50341,1028,1,86.55,73.13
50341,1014,3,36.77,25.91
50342,1001,3,156.96,114.33
50342,1030,1,112.12,74.87
50343,1014,2,36.77,25.91
50343,1029,3,16.48,10.34
50343,1038,1,109.74,83.69
50343,1010,3,11.69,7.37
50343,1017,1,80.92,65.35
50344,1034,3,170.37,116.05
50345,1034,2,170.37,116.05
50346,1028,3,86.55,73.13
50346,1012,2,158.43,100.73
50346,1034,3,170.37,116.05
50347,1039,3,66.86,55.62
50347,1019,1,49.9,38.49
50348,1017,2,80.92,65.35
50349,1029,1,16.48,10.34
50349,1022,3,58.79,38.6
50349,1009,2,106.58,86.43
50349,1012,2,158.43,100.73
50349,1039,3,66.86,55.62
50350,1007,1,144.78,104.61
50350,1009,3,106.58,86.43
50350,1023,3,61.77,47.13
50350,1028,2,86.55,73.13
50351,1027,2,96.91,64.14
50351,1039,2,66.86,55.62
50351,1005,3,33.22,22.94
50351,1036,2,59.93,40.03
50352,1030,2,112.12,74.87
50352,1008,1,103.49,74.13
50352,1039,1,66.86,55.62
50353,1017,1,80.92,65.35
50353,1015,1,40.83,26.09
50353,1038,3,109.74,83.69
50354,1022,3,58.79,38.6
50354,1017,2,80.92,65.35
50354,1037,2,19.21,16.23
50355,1031,3,30.5,24.61
50355,1036,1,59.93,40.03
50355,1030,2,112.12,74.87
50355,1015,2,40.83,26.09
50356,1005,1,33.22,22.94
50356,1015,1,40.83,26.09
50357,1010,2,11.69,7.37
50358,1007,3,144.78,104.61
50359,1011,1,174.67,116.54
50359,1025,3,132.87,95.3
50359,1024,1,73.33,57.45
50359,1008,3,103.49,74.13
50359,1018,1,63.98,54.67
50360,1007,1,144.78,104.61
50360,1008,1,103.49,74.13
50360,1039,1,66.86,55.62
50361,1024,3,73.33,57.45
50361,1000,3,57.92,48.07
50361,1007,3,144.78,104.61
50362,1009,3,106.58,86.43
50363,1038,2,109.74,83.69
50364,1027,2,96.91,64.14
50364,1020,3,99.84,75.36
50365,1018,1,63.98,54.67
50365,1000,1,57.92,48.07
50365,1010,2,11.69,7.37
50365,1013,1,45.68,29.42
50366,1034,2,170.37,116.05
50366,1006,2,15.07,11.68
50366,1036,2,59.93,40.03
50366,1010,2,11.69,7.37
50366,1012,2,158.43,100.73
50367,1016,3,47.58,39.99
50367,1033,3,173.12,114.12
50367,1007,1,144.78,104.61
50367,1024,2,73.33,57.45
50367,1034,1,170.37,116.05
50368,1004,2,29.05,22.94
50368,1000,1,57.92,48.07
50368,1011,3,174.67,116.54
50368,1030,2,112.12,74.87
50368,1022,3,58.79,38.6
50369,1004,3,29.05,22.94
50369,1010,3,11.69,7.37
50369,1011,3,174.67,116.54
50369,1029,2,16.48,10.34
50370,1009,3,106.58,86.43
50370,1026,2,33.93,27.96
50370,1013,2,45.68,29.42
50370,1034,2,170.37,116.05
50371,1006,3,15.07,11.68
50371,1037,1,19.21,16.23
50371,1016,2,47.58,39.99
50372,1014,2,36.77,25.91
50372,1020,3,99.84,75.36
50372,1031,2,30.5,24.61
50373,1002,3,103.94,89.18
50373,1024,2,73.33,57.45
50374,1026,1,33.93,27.96
50374,1027,1,96.91,64.14
50375,1004,2,29.05,22.94
50376,1026,3,33.93,27.96
50377,1002,3,103.94,89.18
50377,1032,1,14.38,12.48
50378,1027,1,96.91,64.14
50378,1034,2,170.37,116.05
50378,1002,2,103.94,89.18
50378,1006,1,15.07,11.68
50379,1036,2,59.93,40.03
50379,1038,1,109.74,83.69
50379,1019,3,49.9,38.49
50380,1021,1,26.77,21.04
50380,1031,1,30.5,24.61
50381,1000,2,57.92,48.07
50381,1035,1,144.8,97.97
50382,1009,2,106.58,86.43
50382,1030,3,112.12,74.87
50382,1011,3,174.67,116.54
50382,1036,3,59.93,40.03
50382,1012,1,158.43,100.73
50383,1020,2,99.84,75.36
50383,1009,3,106.58,86.43
50384,1012,3,158.43,100.73
50385,1017,2,80.92,65.35
50385,1002,3,103.94,89.18
50386,1033,1,173.12,114.12
50387,1018,1,63.98,54.67
50388,1024,3,73.33,57.45
50388,1036,2,59.93,40.03
50388,1019,1,49.9,38.49
50388,1011,1,174.67,116.54
50389,1033,3,173.12,114.12
50389,1010,2,11.69,7.37
50390,1005,3,33.22,22.94
50390,1034,3,170.37,116.05
50390,1033,3,173.12,114.12
50391,1033,3,173.12,114.12
50391,1036,3,59.93,40.03
50391,1001,1,156.96,114.33
50391,1008,2,103.49,74.13
50391,1006,2,15.07,11.68
50392,1030,1,112.12,74.87
50392,1023,1,61.77,47.13
50393,1020,3,99.84,75.36
50393,1023,3,61.77,47.13
50394,1015,2,40.83,26.09
50395,1015,2,40.83,26.09
50396,1007,1,144.78,104.61
50396,1006,2,15.07,11.68
50396,1014,3,36.77,25.91
50396,1016,1,47.58,39.99
50396,1023,1,61.77,47.13
50397,1012,3,158.43,100.73
50397,1027,2,96.91,64.14
50397,1036,3,59.93,40.03
50397,1013,3,45.68,29.42
50397,1035,1,144.8,97.97
50398,1014,1,36.77,25.91
50398,1038,1,109.74,83.69
50399,1022,3,58.79,38.6
50400,1024,3,73.33,57.45
50400,1036,3,59.93,40.03
50401,1001,3,156.96,114.33
50401,1036,3,59.93,40.03
50401,1006,2,15.07,11.68
50401,1015,3,40.83,26.09
50402,1033,2,173.12,114.12
50402,1029,2,16.48,10.34
50402,1010,2,11.69,7.37
50403,1015,3,40.83,26.09
50404,1023,2,61.77,47.13
50404,1020,3,99.84,75.36
50404,1027,3,96.91,64.14
50405,1020,3,99.84,75.36
50406,1034,1,170.37,116.05
50406,1021,3,26.77,21.04
50406,1023,1,61.77,47.13
50407,1000,2,57.92,48.07
50407,1035,1,144.8,97.97
50407,1019,2,49.9,38.49
50407,1010,3,11.69,7.37
50407,1003,3,115.15,73.85
50408,1029,1,16.48,10.34
50408,1028,3,86.55,73.13
50408,1003,3,115.15,73.85
50408,1024,2,73.33,57.45
50408,1037,2,19.21,16.23
50409,1027,1,96.91,64.14
50409,1017,1,80.92,65.35
50409,1012,3,158.43,100.73
50409,1014,2,36.77,25.91
50410,1022,3,58.79,38.6
50410,1011,1,174.67,116.54
50410,1009,2,106.58,86.43
50411,1031,2,30.5,24.61
50412,1038,1,109.74,83.69
50412,1017,3,80.92,65.35
50412,1033,1,173.12,114.12
50413,1000,3,57.92,48.07
50414,1013,2,45.68,29.42
50414,1019,3,49.9,38.49
50415,1003,1,115.15,73.85
50415,1020,2,99.84,75.36
50415,1023,1,61.77,47.13
50415,1025,2,132.87,95.3
50415,1032,3,14.38,12.48
50416,1002,2,103.94,89.18
50416,1032,1,14.38,12.48
50417,1023,3,61.77,47.13
50417,1014,2,36.77,25.91
50417,1034,3,170.37,116.05
50417,1030,3,112.12,74.87
50418,1016,1,47.58,39.99
50419,1024,3,73.33,57.45
50419,1013,1,45.68,29.42
50419,1003,3,115.15,73.85
50419,1020,1,99.84,75.36
50420,1012,3,158.43,100.73
50420,1001,2,156.96,114.33
50420,1039,2,66.86,55.62
50420,1033,2,173.12,114.12
50421,1018,2,63.98,54.67
50421,1002,2,103.94,89.18
50421,1008,3,103.49,74.13
50421,1039,2,66.86,55.62
50421,1009,1,106.58,86.43
50422,1038,2,109.74,83.69
50422,1017,1,80.92,65.35
50422,1039,1,66.86,55.62
50422,1008,3,103.49,74.13
50423,1039,3,66.86,55.62
50423,1015,2,40.83,26.09
50424,1006,3,15.07,11.68
50424,1019,3,49.9,38.49
50424,1020,3,99.84,75.36
50425,1015,2,40.83,26.09
50426,1010,1,11.69,7.37
50426,1020,3,99.84,75.36
50426,1035,2,144.8,97.97
50426,1000,3,57.92,48.07
50427,1025,2,132.87,95.3
50427,1026,3,33.93,27.96
50427,1032,2,14.38,12.48
50428,1012,3,158.43,100.73
50428,1003,2,115.15,73.85
50428,1021,1,26.77,21.04
50429,1029,1,16.48,10.34
50429,1009,3,106.58,86.43
50430,1020,3,99.84,75.36
50430,1000,3,57.92,48.07
50430,1024,2,73.33,57.45
50431,1007,2,144.78,104.61
50431,1024,3,73.33,57.45
50431,1020,3,99.84,75.36
50431,1000,1,57.92,48.07
50432,1011,3,174.67,116.54
50432,1002,3,103.94,89.18
50432,1036,2,59.93,40.03
50433,1004,3,29.05,22.94
50433,1019,3,49.9,38.49
50433,1012,3,158.43,100.73
50434,1019,1,49.9,38.49
50434,1033,1,173.12,114.12
50434,1028,3,86.55,73.13
50434,1006,1,15.07,11.68
50434,1011,3,174.67,116.54
50435,1031,2,30.5,24.61
50435,1007,1,144.78,104.61
50435,1003,2,115.15,73.85
50435,1011,2,174.67,116.54
50435,1024,2,73.33,57.45
50436,1000,1,57.92,48.07
50436,1004,2,29.05,22.94
50436,1009,2,106.58,86.43
50436,1006,1,15.07,11.68
50437,1003,2,115.15,73.85
50437,1026,3,33.93,27.96
50437,1033,3,173.12,114.12
50437,1002,3,103.94,89.18
50438,1025,1,132.87,95.3
50438,1000,2,57.92,48.07
50438,1006,3,15.07,11.68
50438,1037,3,19.21,16.23
50438,1035,3,144.8,97.97
50439,1018,3,63.98,54.67
50439,1014,1,36.77,25.91
50439,1025,1,132.87,95.3
50439,1024,2,73.33,57.45
50440,1033,3,173.12,114.12
50440,1014,2,36.77,25.91
50440,1036,1,59.93,40.03
50440,1034,3,170.37,116.05
50441,1019,1,49.9,38.49
50441,1013,3,45.68,29.42
50441,1000,2,57.92,48.07
50442,1020,1,99.84,75.36
50442,1021,1,26.77,21.04
50442,1019,3,49.9,38.49
50442,1024,2,73.33,57.45
50442,1009,2,106.58,86.43
50443,1022,3,58.79,38.6
50444,1025,1,132.87,95.3
50445,1000,1,57.92,48.07
50445,1006,2,15.07,11.68
50445,1004,2,29.05,22.94
50446,1012,1,158.43,100.73
50446,1038,1,109.74,83.69
50446,1005,3,33.22,22.94
50446,1027,3,96.91,64.14
50447,1027,1,96.91,64.14
50448,1005,1,33.22,22.94
50448,1029,1,16.48,10.34
50448,1004,2,29.05,22.94
50448,1025,3,132.87,95.3
50448,1027,1,96.91,64.14
50449,1032,2,14.38,12.48
50449,1028,2,86.55,73.13
50449,1022,3,58.79,38.6
50449,1024,2,73.33,57.45
50450,1011,3,174.67,116.54
50450,1001,3,156.96,114.33
50451,1025,1,132.87,95.3
50451,1007,2,144.78,104.61
50452,1037,2,19.21,16.23
50452,1003,2,115.15,73.85
50452,1031,2,30.5,24.61
50452,1027,2,96.91,64.14
50453,1024,2,73.33,57.45
50453,1031,3,30.5,24.61
50453,1037,3,19.21,16.23
50454,1021,2,26.77,21.04
50454,1012,1,158.43,100.73
50454,1019,1,49.9,38.49
50454,1016,2,47.58,39.99
50455,1006,1,15.07,11.68
50455,1034,1,170.37,116.05
50456,1017,3,80.92,65.35
50457,1023,2,61.77,47.13
50457,1027,3,96.91,64.14
50457,1030,1,112.12,74.87
50458,1032,1,14.38,12.48
50458,1039,3,66.86,55.62
50458,1006,1,15.07,11.68
50458,1014,2,36.77,25.91
50458,1031,3,30.5,24.61
50459,1029,3,16.48,10.34
50460,1005,1,33.22,22.94
50461,1025,2,132.87,95.3
50462,1028,1,86.55,73.13
50462,1009,1,106.58,86.43
50463,1025,3,132.87,95.3
50463,1008,2,103.49,74.13
50463,1007,1,144.78,104.61
50464,1002,3,103.94,89.18
50464,1021,3,26.77,21.04
50464,1015,3,40.83,26.09
50464,1018,3,63.98,54.67
50464,1006,1,15.07,11.68
50465,1039,2,66.86,55.62
50465,1037,2,19.21,16.23
50465,1020,2,99.84,75.36
50465,1018,1,63.98,54.67
50465,1028,1,86.55,73.13
50466,1012,1,158.43,100.73
50466,1000,2,57.92,48.07
50466,1003,3,115.15,73.85
50466,1036,3,59.93,40.03
50467,1012,2,158.43,100.73
50467,1027,3,96.91,64.14
50467,1018,3,63.98,54.67
50467,1021,3,26.77,21.04
50468,1033,1,173.12,114.12
50468,1027,2,96.91,64.14
50468,1000,1,57.92,48.07
50468,1001,2,156.96,114.33
50468,1032,3,14.38,12.48
50469,1003,3,115.15,73.85
50469,1028,2,86.55,73.13
50469,1022,3,58.79,38.6
50470,1004,2,29.05,22.94
50470,1001,1,156.96,114.33
50470,1019,1,49.9,38.49
50470,1029,2,16.48,10.34
50471,1005,3,33.22,22.94
50471,1027,3,96.91,64.14
50471,1028,3,86.55,73.13
50472,1008,3,103.49,74.13
50472,1004,2,29.05,22.94
50473,1022,1,58.79,38.6
50474,1013,3,45.68,29.42
50475,1004,2,29.05,22.94
50476,1012,3,158.43,100.73
50476,1014,2,36.77,25.91
50477,1025,2,132.87,95.3
50477,1018,3,63.98,54.67
50477,1017,1,80.92,65.35
50477,1003,3,115.15,73.85
50478,1008,1,103.49,74.13
50478,1022,3,58.79,38.6
50478,1012,3,158.43,100.73
50478,1013,1,45.68,29.42
50479,1030,2,112.12,74.87
50479,1032,3,14.38,12.48
50479,1016,3,47.58,39.99
50479,1005,2,33.22,22.94
50479,1028,1,86.55,73.13
50480,1035,2,144.8,97.97
50480,1038,3,109.74,83.69
50480,1012,3,158.43,100.73
50480,1030,3,112.12,74.87
50481,1037,2,19.21,16.23
50482,1008,3,103.49,74.13
50482,1028,1,86.55,73.13
50483,1014,1,36.77,25.91
50484,1023,2,61.77,47.13
50484,1005,1,33.22,22.94
50484,1027,1,96.91,64.14
50484,1022,1,58.79,38.6
50484,1017,3,80.92,65.35
50485,1028,1,86.55,73.13
50485,1037,2,19.21,16.23
50485,1032,1,14.38,12.48
50486,1008,2,103.49,74.13
50486,1017,2,80.92,65.35
50486,1032,3,14.38,12.48
50486,1010,3,11.69,7.37
50487,1026,1,33.93,27.96
50487,1000,3,57.92,48.07
50487,1013,2,45.68,29.42
50487,1034,3,170.37,116.05
50487,1015,1,40.83,26.09
50488,1034,2,170.37,116.05
50489,1022,3,58.79,38.6
50489,1012,1,158.43,100.73
50490,1003,2,115.15,73.85
50490,1027,3,96.91,64.14
50491,1035,1,144.8,97.97
50491,1038,1,109.74,83.69
50491,1018,3,63.98,54.67
50492,1014,2,36.77,25.91
50492,1037,1,19.21,16.23
50492,1024,2,73.33,57.45
50492,1013,2,45.68,29.42
50492,1015,3,40.83,26.09
50493,1022,1,58.79,38.6
50493,1012,3,158.43,100.73
50493,1010,1,11.69,7.37
50494,1027,2,96.91,64.14
50494,1026,3,33.93,27.96
50494,1002,2,103.94,89.18
50494,1024,1,73.33,57.45
50495,1030,2,112.12,74.87
50495,1022,2,58.79,38.6
50495,1036,3,59.93,40.03
50495,1004,2,29.05,22.94
50496,1029,1,16.48,10.34
50497,1022,1,58.79,38.6
50498,1012,1,158.43,100.73
50498,1015,1,40.83,26.09
50498,1010,2,11.69,7.37
50498,1022,1,58.79,38.6
50499,1013,1,45.68,29.42
50499,1014,2,36.77,25.91
50499,1008,3,103.49,74.13
50499,1026,3,33.93,27.96
50499,1006,1,15.07,11.68
50500,1014,2,36.77,25.91
50500,1038,1,109.74,83.69
50500,1003,2,115.15,73.85
50500,1036,2,59.93,40.03
50500,1029,2,16.48,10.34
50501,1008,1,103.49,74.13
50502,1032,2,14.38,12.48
50502,1010,2,11.69,7.37
50503,1001,2,156.96,114.33
50504,1013,2,45.68,29.42
50504,1001,2,156.96,114.33
50504,1011,3,174.67,116.54
50504,1034,2,170.37,116.05
50505,1015,1,40.83,26.09
50505,1007,3,144.78,104.61
50505,1035,2,144.8,97.97
50505,1020,1,99.84,75.36
50505,1038,3,109.74,83.69
50506,1019,3,49.9,38.49
50507,1003,2,115.15,73.85
50507,1023,1,61.77,47.13
50508,1001,2,156.96,114.33
50508,1015,3,40.83,26.09
50508,1030,3,112.12,74.87
50508,1028,3,86.55,73.13
50509,1008,1,103.49,74.13
50509,1030,2,112.12,74.87
50510,1005,1,33.22,22.94
50511,1016,1,47.58,39.99
50512,1014,1,36.77,25.91
50512,1017,2,80.92,65.35
50512,1015,2,40.83,26.09
50513,1005,3,33.22,22.94
50513,1006,1,15.07,11.68
50513,1029,3,16.48,10.34
50513,1016,1,47.58,39.99
50513,1017,1,80.92,65.35
50514,1002,2,103.94,89.18
50514,1039,3,66.86,55.62
50514,1021,1,26.77,21.04
50514,1034,3,170.37,116.05
50514,1038,2,109.74,83.69
50515,1032,2,14.38,12.48
50516,1001,3,156.96,114.33
50516,1003,2,115.15,73.85
50516,1028,3,86.55,73.13
50516,1033,2,173.12,114.12
50517,1000,2,57.92,48.07
50518,1024,1,73.33,57.45
50519,1027,3,96.91,64.14
50519,1011,1,174.67,116.54
50520,1015,1,40.83,26.09
50520,1008,3,103.49,74.13
50520,1014,1,36.77,25.91
50520,1039,2,66.86,55.62
50521,1016,3,47.58,39.99
50521,1001,1,156.96,114.33
50522,1033,3,173.12,114.12
50522,1008,3,103.49,74.13
50523,1002,2,103.94,89.18
50523,1009,3,106.58,86.43
50523,1013,1,45.68,29.42
50523,1025,2,132.87,95.3
50524,1036,3,59.93,40.03
50524,1006,2,15.07,11.68
50524,1029,1,16.48,10.34
50524,1024,3,73.33,57.45
50524,1026,3,33.93,27.96
50525,1039,1,66.86,55.62
50525,1024,3,73.33,57.45
50526,1037,1,19.21,16.23
50526,1021,1,26.77,21.04
50526,1016,3,47.58,39.99
50526,1012,2,158.43,100.73
50526,1017,2,80.92,65.35
50527,1009,1,106.58,86.43
50527,1038,1,109.74,83.69
50528,1025,3,132.87,95.3
50528,1005,1,33.22,22.94
50528,1008,3,103.49,74.13
50528,1038,3,109.74,83.69
50528,1019,3,49.9,38.49
50529,1010,3,11.69,7.37
50529,1000,2,57.92,48.07
50529,1023,3,61.77,47.13
50529,1004,3,29.05,22.94
50529,1015,1,40.83,26.09
50530,1008,3,103.49,74.13
50530,1020,3,99.84,75.36
50530,1037,3,19.21,16.23
50530,1036,3,59.93,40.03
50530,1007,2,144.78,104.61
50531,1003,2,115.15,73.85
50532,1021,1,26.77,21.04
50533,1019,3,49.9,38.49
50534,1020,1,99.84,75.36
50534,1034,3,170.37,116.05
50535,1021,1,26.77,21.04
50536,1024,2,73.33,57.45
50537,1016,3,47.58,39.99
50538,1000,1,57.92,48.07
50538,1039,3,66.86,55.62
50539,1025,2,132.87,95.3
50539,1033,1,173.12,114.12
50539,1012,1,158.43,100.73
50540,1005,2,33.22,22.94
50540,1014,2,36.77,25.91
50540,1018,3,63.98,54.67
50541,1007,2,144.78,104.61
50541,1014,2,36.77,25.91
50541,1034,3,170.37,116.05
50541,1001,3,156.96,114.33
50542,1015,1,40.83,26.09
50542,1038,3,109.74,83.69
50542,1033,2,173.12,114.12
50543,1029,3,16.48,10.34
50543,1015,3,40.83,26.09
50543,1031,1,30.5,24.61
50543,1014,2,36.77,25.91
50544,1001,2,156.96,114.33
50545,1003,3,115.15,73.85
50545,1008,3,103.49,74.13
50545,1015,3,40.83,26.09
50545,1000,1,57.92,48.07
50545,1030,2,112.12,74.87
50546,1013,2,45.68,29.42
50546,1039,2,66.86,55.62
50546,1016,2,47.58,39.99
50547,1019,1,49.9,38.49
50547,1004,3,29.05,22.94
50547,1021,3,26.77,21.04
50548,1003,3,115.15,73.85
50548,1025,1,132.87,95.3
50548,1018,2,63.98,54.67
50548,1002,3,103.94,89.18
50548,1032,3,14.38,12.48
50549,1034,3,170.37,116.05
50549,1029,3,16.48,10.34
50549,1011,1,174.67,116.54
50549,1017,2,80.92,65.35
50549,1038,3,109.74,83.69
50550,1005,1,33.22,22.94
50550,1021,1,26.77,21.04
50550,1033,1,173.12,114.12
50551,1014,1,36.77,25.91
50552,1023,2,61.77,47.13
50552,1032,2,14.38,12.48
50552,1019,2,49.9,38.49
50552,1026,3,33.93,27.96
50553,1020,2,99.84,75.36
50554,1016,2,47.58,39.99
50554,1018,3,63.98,54.67
50554,1029,1,16.48,10.34
50554,1008,2,103.49,74.13
50555,1028,2,86.55,73.13
50555,1000,3,57.92,48.07
50555,1005,2,33.22,22.94
50555,1033,3,173.12,114.12
50555,1039,1,66.86,55.62
50556,1030,3,112.12,74.87
50556,1029,2,16.48,10.34
50556,1031,1,30.5,24.61
50557,1017,1,80.92,65.35
50558,1033,3,173.12,114.12
50558,1009,3,106.58,86.43
50558,1005,2,33.22,22.94
50559,1009,3,106.58,86.43
50559,1028,1,86.55,73.13
50560,1002,2,103.94,89.18
50560,1026,3,33.93,27.96
50560,1000,2,57.92,48.07
50560,1030,3,112.12,74.87
50560,1007,1,144.78,104.61
50561,1028,1,86.55,73.13
50561,1025,1,132.87,95.3
50561,1032,1,14.38,12.48
50561,1036,3,59.93,40.03
50562,1004,1,29.05,22.94
50562,1015,3,40.83,26.09
50562,1026,1,33.93,27.96
50562,1021,3,26.77,21.04
50562,1029,3,16.48,10.34
50563,1013,1,45.68,29.42
50564,1009,3,106.58,86.43
50564,1037,2,19.21,16.23
50564,1026,3,33.93,27.96
50564,1019,2,49.9,38.49
50564,1028,1,86.55,73.13
50565,1007,2,144.78,104.61
50565,1033,1,173.12,114.12
50565,1011,1,174.67,116.54
50565,1037,3,19.21,16.23
50566,1029,2,16.48,10.34
50567,1025,2,132.87,95.3
50567,1021,3,26.77,21.04
50568,1030,3,112.12,74.87
50568,1033,3,173.12,114.12
50569,1038,1,109.74,83.69
50569,1034,2,170.37,116.05
50569,1039,3,66.86,55.62
50569,1011,3,174.67,116.54
50570,1005,1,33.22,22.94
50570,1034,3,170.37,116.05
50571,1019,3,49.9,38.49
50571,1026,3,33.93,27.96
50572,1021,1,26.77,21.04
50572,1035,1,144.8,97.97
50572,1031,3,30.5,24.61
50573,1006,1,15.07,11.68
50573,1003,1,115.15,73.85
50573,1026,3,33.93,27.96
50573,1025,2,132.87,95.3
50574,1035,1,144.8,97.97
50574,1005,3,33.22,22.94
50574,1003,3,115.15,73.85
50574,1027,2,96.91,64.14
50574,1020,3,99.84,75.36
50575,1039,2,66.86,55.62
50575,1031,3,30.5,24.61
50575,1013,2,45.68,29.42
50576,1033,1,173.12,114.12
50576,1012,3,158.43,100.73
50576,1000,2,57.92,48.07
50576,1022,1,58.79,38.6
50576,1014,2,36.77,25.91
50577,1006,3,15.07,11.68
50577,1027,2,96.91,64.14
50578,1009,1,106.58,86.43
50578,1028,2,86.55,73.13
50578,1036,2,59.93,40.03
50578,1020,2,99.84,75.36
50579,1022,3,58.79,38.6
50580,1005,2,33.22,22.94
50580,1017,3,80.92,65.35
50581,1032,2,14.38,12.48
50581,1019,2,49.9,38.49
50581,1030,3,112.12,74.87
50581,1027,2,96.91,64.14
50581,1016,1,47.58,39.99
50582,1034,2,170.37,116.05
50582,1022,2,58.79,38.6
50583,1014,2,36.77,25.91
50583,1027,3,96.91,64.14
50583,1007,3,144.78,104.61
50583,1038,3,109.74,83.69
50583,1026,1,33.93,27.96
50584,1005,2,33.22,22.94
50584,1026,1,33.93,27.96
50585,1025,2,132.87,95.3
50585,1026,3,33.93,27.96
50585,1015,2,40.83,26.09
50586,1010,2,11.69,7.37
50586,1026,2,33.93,27.96
50586,1032,1,14.38,12.48
50586,1007,1,144.78,104.61
50587,1039,1,66.86,55.62
50587,1000,3,57.92,48.07
50587,1020,3,99.84,75.36
50587,1007,1,144.78,104.61
50587,1017,1,80.92,65.35
50588,1002,2,103.94,89.18
50588,1019,3,49.9,38.49
50588,1020,1,99.84,75.36
50588,1017,2,80.92,65.35
50588,1018,1,63.98,54.67
50589,1000,2,57.92,48.07
50589,1010,2,11.69,7.37
50590,1010,3,11.69,7.37
50590,1011,1,174.67,116.54
50590,1026,3,33.93,27.96
50590,1020,2,99.84,75.36
50590,1033,3,173.12,114.12
50591,1036,2,59.93,40.03
50592,1008,3,103.49,74.13
50592,1011,3,174.67,116.54
50592,1018,1,63.98,54.67
50592,1031,2,30.5,24.61
50593,1010,1,11.69,7.37
50593,1036,3,59.93,40.03
50594,1002,2,103.94,89.18
50594,1030,3,112.12,74.87
50594,1012,3,158.43,100.73
50594,1004,3,29.05,22.94
50595,1016,1,47.58,39.99
50596,1039,2,66.86,55.62
50596,1035,2,144.8,97.97
50596,1004,2,29.05,22.94
50596,1008,3,103.49,74.13
50596,1018,1,63.98,54.67
50597,1008,1,103.49,74.13
50598,1036,1,59.93,40.03
50599,1006,1,15.07,11.68
50600,1031,1,30.5,24.61
50601,1038,1,109.74,83.69
50602,1012,2,158.43,100.73
50602,1002,1,103.94,89.18
50602,1011,2,174.67,116.54
50602,1005,1,33.22,22.94
50602,1039,3,66.86,55.62
50603,1024,2,73.33,57.45
50603,1018,1,63.98,54.67
50603,1016,3,47.58,39.99
50604,1032,3,14.38,12.48
50604,1036,2,59.93,40.03
50604,1005,2,33.22,22.94
50605,1022,2,58.79,38.6
50605,1009,3,106.58,86.43
50605,1017,3,80.92,65.35
50605,1038,3,109.74,83.69
50605,1014,1,36.77,25.91
50606,1006,3,15.07,11.68
50606,1016,1,47.58,39.99
50606,1030,2,112.12,74.87
50606,1039,2,66.86,55.62
50606,1001,2,156.96,114.33
50607,1009,2,106.58,86.43
50607,1033,1,173.12,114.12
50607,1010,1,11.69,7.37
50607,1038,1,109.74,83.69
50607,1001,3,156.96,114.33
50608,1001,2,156.96,114.33
50608,1016,3,47.58,39.99
50609,1017,1,80.92,65.35
50609,1024,1,73.33,57.45
50609,1014,1,36.77,25.91
50609,1032,2,14.38,12.48
50609,1015,1,40.83,26.09
50610,1016,1,47.58,39.99
50610,1027,3,96.91,64.14
50611,1015,3,40.83,26.09
50611,1033,1,173.12,114.12
50611,1014,3,36.77,25.91
50611,1006,2,15.07,11.68
50611,1005,1,33.22,22.94
50612,1019,1,49.9,38.49
50612,1039,1,66.86,55.62
50612,1007,2,144.78,104.61
50612,1013,1,45.68,29.42
50613,1034,3,170.37,116.05
50613,1032,2,14.38,12.48
50613,1013,1,45.68,29.42
50614,1009,2,106.58,86.43
50614,1023,2,61.77,47.13
50614,1027,1,96.91,64.14
50615,1019,2,49.9,38.49
50616,1015,3,40.83,26.09
50616,1007,3,144.78,104.61
50617,1037,1,19.21,16.23
50617,1010,2,11.69,7.37
50617,1002,1,103.94,89.18
50617,1009,2,106.58,86.43
50618,1030,1,112.12,74.87
50618,1001,2,156.96,114.33
50618,1010,1,11.69,7.37
50618,1009,3,106.58,86.43
50619,1017,3,80.92,65.35
50619,1038,2,109.74,83.69
50619,1029,2,16.48,10.34
50619,1009,1,106.58,86.43
50620,1008,2,103.49,74.13
50621,1024,3,73.33,57.45
50622,1032,1,14.38,12.48
50622,1014,1,36.77,25.91
50622,1029,3,16.48,10.34
50622,1009,2,106.58,86.43
50623,1023,2,61.77,47.13
50623,1019,3,49.9,38.49
50623,1005,3,33.22,22.94
50624,1033,3,173.12,114.12
50624,1021,1,26.77,21.04
50624,1005,3,33.22,22.94
50625,1010,2,11.69,7.37
50625,1006,1,15.07,11.68
50625,1014,1,36.77,25.91
50625,1026,2,33.93,27.96
50625,1011,1,174.67,116.54
50626,1007,3,144.78,104.61
50626,1017,2,80.92,65.35
50627,1004,1,29.05,22.94
50627,1012,1,158.43,100.73
50627,1007,2,144.78,104.61
50627,1011,1,174.67,116.54
50627,1001,2,156.96,114.33
50628,1017,1,80.92,65.35
50628,1020,2,99.84,75.36
50628,1037,2,19.21,16.23
50629,1036,2,59.93,40.03
50629,1025,3,132.87,95.3
50629,1001,3,156.96,114.33
50630,1009,3,106.58,86.43
50630,1014,2,36.77,25.91
50630,1030,3,112.12,74.87
50630,1010,2,11.69,7.37
50631,1007,1,144.78,104.61
50631,1038,3,109.74,83.69
50631,1011,1,174.67,116.54
50631,1021,3,26.77,21.04
50631,1037,2,19.21,16.23
50632,1007,3,144.78,104.61
50632,1004,1,29.05,22.94
50633,1013,1,45.68,29.42
50633,1017,1,80.92,65.35
50633,1033,1,173.12,114.12
50633,1009,1,106.58,86.43
50634,1035,2,144.8,97.97
50635,1036,3,59.93,40.03
50636,1028,1,86.55,73.13
50636,1018,2,63.98,54.67
50636,1006,1,15.07,11.68
50636,1001,2,156.96,114.33
50636,1027,2,96.91,64.14
50637,1030,2,112.12,74.87
50637,1011,3,174.67,116.54
50637,1014,1,36.77,25.91
50638,1001,2,156.96,114.33
50638,1003,1,115.15,73.85
50638,1020,3,99.84,75.36
50639,1004,1,29.05,22.94
50639,1023,1,61.77,47.13
50639,1037,1,19.21,16.23
50640,1024,3,73.33,57.45
50640,1026,3,33.93,27.96
50641,1024,3,73.33,57.45
50641,1005,2,33.22,22.94
50642,1024,3,73.33,57.45
50642,1001,1,156.96,114.33
50642,1016,3,47.58,39.99
50642,1028,3,86.55,73.13
50642,1033,3,173.12,114.12
50643,1024,2,73.33,57.45
50643,1013,1,45.68,29.42
50643,1009,2,106.58,86.43
50644,1019,2,49.9,38.49
50645,1027,3,96.91,64.14
50645,1003,3,115.15,73.85
50645,1018,3,63.98,54.67
50645,1013,2,45.68,29.42
50645,1037,1,19.21,16.23
50646,1024,2,73.33,57.45
50646,1023,2,61.77,47.13
50646,1014,1,36.77,25.91
50646,1039,2,66.86,55.62
50647,1001,2,156.96,114.33
50647,1027,2,96.91,64.14
50647,1019,2,49.9,38.49
50647,1020,2,99.84,75.36
50647,1002,1,103.94,89.18
50648,1035,1,144.8,97.97
50648,1030,2,112.12,74.87
50648,1013,3,45.68,29.42
50649,1038,3,109.74,83.69
50649,1011,2,174.67,116.54
50649,1029,1,16.48,10.34
50649,1004,1,29.05,22.94
50649,1031,1,30.5,24.61
50650,1015,1,40.83,26.09
50650,1007,2,144.78,104.61
50650,1036,2,59.93,40.03
50650,1019,1,49.9,38.49
50651,1013,3,45.68,29.42
50652,1003,1,115.15,73.85
50653,1015,3,40.83,26.09
50653,1000,3,57.92,48.07
50653,1034,2,170.37,116.05
50653,1014,3,36.77,25.91
50654,1028,2,86.55,73.13
50654,1031,1,30.5,24.61
50654,1002,1,103.94,89.18
50654,1039,1,66.86,55.62
50655,1033,1,173.12,114.12
50655,1017,3,80.92,65.35
50655,1030,1,112.12,74.87
50655,1036,1,59.93,40.03
50655,1039,2,66.86,55.62
50656,1001,1,156.96,114.33
50656,1010,1,11.69,7.37
50656,1000,3,57.92,48.07
50657,1003,2,115.15,73.85
50657,1031,1,30.5,24.61
50658,1031,1,30.5,24.61
50659,1036,1,59.93,40.03
50659,1026,2,33.93,27.96
50659,1002,2,103.94,89.18
50659,1015,1,40.83,26.09
50660,1013,3,45.68,29.42
50660,1029,2,16.48,10.34
50660,1021,1,26.77,21.04
50660,1032,1,14.38,12.48
50660,1023,1,61.77,47.13
50661,1026,3,33.93,27.96
50661,1005,3,33.22,22.94
50661,1020,2,99.84,75.36
50661,1019,1,49.9,38.49
50662,1036,2,59.93,40.03
50663,1012,3,158.43,100.73
50663,1004,1,29.05,22.94
50663,1008,1,103.49,74.13
50664,1022,1,58.79,38.6
50664,1019,2,49.9,38.49
50665,1013,3,45.68,29.42
50666,1027,1,96.91,64.14
50666,1003,3,115.15,73.85
50666,1010,3,11.69,7.37
50666,1004,1,29.05,22.94
50666,1022,2,58.79,38.6
50667,1024,1,73.33,57.45
50667,1007,1,144.78,104.61
50667,1034,1,170.37,116.05
50667,1020,2,99.84,75.36
50667,1011,2,174.67,116.54
50668,1000,1,57.92,48.07
50668,1029,3,16.48,10.34
50668,1003,1,115.15,73.85
50668,1013,3,45.68,29.42
50669,1020,2,99.84,75.36
50669,1023,1,61.77,47.13
50670,1019,3,49.9,38.49
50670,1006,1,15.07,11.68
50670,1012,2,158.43,100.73
50670,1022,2,58.79,38.6
50671,1012,2,158.43,100.73
50671,1031,3,30.5,24.61
50672,1010,3,11.69,7.37
50672,1001,2,156.96,114.33
50673,1003,3,115.15,73.85
50673,1009,1,106.58,86.43
50673,1024,1,73.33,57.45
50674,1027,1,96.91,64.14
50674,1025,2,132.87,95.3
50674,1038,1,109.74,83.69
50674,1032,2,14.38,12.48
50674,1021,3,26.77,21.04
50675,1013,1,45.68,29.42
50675,1030,2,112.12,74.87
50676,1007,2,144.78,104.61
50676,1009,3,106.58,86.43
50676,1039,1,66.86,55.62
50676,1023,1,61.77,47.13
50677,1010,3,11.69,7.37
50677,1035,3,144.8,97.97
50677,1020,1,99.84,75.36
50678,1026,1,33.93,27.96
50678,1022,3,58.79,38.6
50678,1031,1,30.5,24.61
50678,1024,3,73.33,57.45
50678,1000,3,57.92,48.07
50679,1003,1,115.15,73.85
50679,1035,3,144.8,97.97
50679,1014,2,36.77,25.91
50679,1004,2,29.05,22.94
50680,1003,2,115.15,73.85
50680,1010,1,11.69,7.37
50680,1013,2,45.68,29.42
50680,1005,3,33.22,22.94
50680,1018,1,63.98,54.67
50681,1003,2,115.15,73.85
50681,1004,3,29.05,22.94
50681,1022,1,58.79,38.6
50681,1037,2,19.21,16.23
50682,1026,2,33.93,27.96
50682,1023,2,61.77,47.13
50683,1026,2,33.93,27.96
50683,1037,2,19.21,16.23
50683,1021,2,26.77,21.04
50683,1029,3,16.48,10.34
50683,1004,1,29.05,22.94
50684,1035,1,144.8,97.97
50684,1026,1,33.93,27.96
50685,1006,3,15.07,11.68
50685,1034,3,170.37,116.05
50685,1018,3,63.98,54.67
50686,1022,3,58.79,38.6
50686,1028,3,86.55,73.13
50686,1014,1,36.77,25.91
50687,1036,2,59.93,40.03
50687,1024,2,73.33,57.45
50687,1020,3,99.84,75.36
50687,1006,3,15.07,11.68
50687,1016,3,47.58,39.99
50688,1006,3,15.07,11.68
50688,1019,1,49.9,38.49
50688,1038,3,109.74,83.69
50688,1014,1,36.77,25.91
50688,1023,1,61.77,47.13
50689,1012,3,158.43,100.73
50689,1017,3,80.92,65.35
50689,1011,2,174.67,116.54
50690,1006,2,15.07,11.68
50690,1000,1,57.92,48.07
50690,1007,3,144.78,104.61
50691,1022,3,58.79,38.6
50691,1008,3,103.49,74.13
50691,1014,1,36.77,25.91
50691,1037,3,19.21,16.23
50692,1002,3,103.94,89.18
50692,1006,3,15.07,11.68
50693,1036,3,59.93,40.03
50693,1023,2,61.77,47.13
50694,1014,2,36.77,25.91
50694,1007,1,144.78,104.61
50694,1033,1,173.12,114.12
50694,1020,1,99.84,75.36
50695,1003,2,115.15,73.85
50695,1034,3,170.37,116.05
50696,1019,2,49.9,38.49
50697,1012,3,158.43,100.73
50697,1016,3,47.58,39.99
50697,1022,3,58.79,38.6
50697,1039,1,66.86,55.62
50698,1004,3,29.05,22.94
50698,1020,2,99.84,75.36
50699,1026,1,33.93,27.96
50700,1037,1,19.21,16.23
50700,1012,2,158.43,100.73
50700,1008,3,103.49,74.13
50701,1033,2,173.12,114.12
50701,1017,3,80.92,65.35
50701,1037,3,19.21,16.23
50701,1011,2,174.67,116.54
50701,1000,2,57.92,48.07
50702,1020,3,99.84,75.36
50702,1003,3,115.15,73.85
50703,1023,3,61.77,47.13
50703,1038,3,109.74,83.69
50703,1034,1,170.37,116.05
50703,1002,3,103.94,89.18
50703,1017,2,80.92,65.35
50704,1003,3,115.15,73.85
50704,1008,3,103.49,74.13
50704,1017,2,80.92,65.35
50705,1008,2,103.49,74.13
50705,1010,3,11.69,7.37
50706,1026,2,33.93,27.96
50706,1030,1,112.12,74.87
50706,1035,2,144.8,97.97
50707,1032,1,14.38,12.48
50707,1003,2,115.15,73.85
50707,1001,3,156.96,114.33
50708,1029,3,16.48,10.34
50708,1021,2,26.77,21.04
50709,1003,3,115.15,73.85
50709,1032,1,14.38,12.48
50709,1017,1,80.92,65.35
50710,1036,2,59.93,40.03
50710,1027,2,96.91,64.14
50711,1018,1,63.98,54.67
50711,1000,3,57.92,48.07
50711,1023,1,61.77,47.13
50711,1015,1,40.83,26.09
50711,1027,2,96.91,64.14
50712,1014,3,36.77,25.91
50712,1025,2,132.87,95.3
50712,1029,3,16.48,10.34
50713,1021,1,26.77,21.04
50713,1006,2,15.07,11.68
50713,1003,2,115.15,73.85
50714,1031,2,30.5,24.61
50714,1036,2,59.93,40.03
50714,1033,1,173.12,114.12
50715,1027,3,96.91,64.14
50715,1023,1,61.77,47.13
50716,1016,2,47.58,39.99
50716,1024,2,73.33,57.45
50716,1029,1,16.48,10.34
50716,1038,3,109.74,83.69
50717,1005,2,33.22,22.94
50717,1020,3,99.84,75.36
50718,1023,2,61.77,47.13
50718,1004,1,29.05,22.94
50718,1010,3,11.69,7.37
50718,1029,2,16.48,10.34
50718,1037,1,19.21,16.23
50719,1025,2,132.87,95.3
50719,1013,2,45.68,29.42
50719,1023,3,61.77,47.13
50719,1021,2,26.77,21.04
50720,1001,2,156.96,114.33
50720,1016,1,47.58,39.99
50720,1039,1,66.86,55.62
50720,1010,2,11.69,7.37
50720,1020,1,99.84,75.36
50721,1001,3,156.96,114.33
50721,1037,1,19.21,16.23
50721,1010,1,11.69,7.37
50721,1016,3,47.58,39.99
50721,1004,1,29.05,22.94
50722,1001,3,156.96,114.33
50722,1034,3,170.37,116.05
50722,1019,1,49.9,38.49
50723,1031,3,30.5,24.61
50723,1009,3,106.58,86.43
50723,1029,3,16.48,10.34
50723,1028,1,86.55,73.13
50723,1025,2,132.87,95.3
50724,1000,2,57.92,48.07
50724,1007,2,144.78,104.61
50725,1039,2,66.86,55.62
50725,1015,2,40.83,26.09
50725,1026,3,33.93,27.96
50725,1020,2,99.84,75.36
50726,1011,1,174.67,116.54
50726,1006,1,15.07,11.68
50726,1007,2,144.78,104.61
50727,1020,2,99.84,75.36
50728,1038,3,109.74,83.69
50729,1020,2,99.84,75.36
50729,1010,3,11.69,7.37
50730,1038,1,109.74,83.69
50730,1029,3,16.48,10.34
50730,1017,1,80.92,65.35
50730,1009,2,106.58,86.43
50731,1036,2,59.93,40.03
50731,1001,2,156.96,114.33
50732,1016,1,47.58,39.99
50732,1011,3,174.67,116.54
50732,1033,1,173.12,114.12
50732,1023,1,61.77,47.13
50732,1017,3,80.92,65.35
50733,1003,3,115.15,73.85
50733,1013,2,45.68,29.42
50734,1038,1,109.74,83.69
50735,1039,1,66.86,55.62
50735,1010,3,11.69,7.37
50736,1036,3,59.93,40.03
50737,1004,2,29.05,22.94
50737,1012,2,158.43,100.73
50738,1007,3,144.78,104.61
50738,1036,2,59.93,40.03
50738,1010,2,11.69,7.37
50738,1001,2,156.96,114.33
50738,1014,1,36.77,25.91
50739,1023,1,61.77,47.13
50739,1005,1,33.22,22.94
50739,1001,3,156.96,114.33
50739,1020,3,99.84,75.36
50740,1003,3,115.15,73.85
50741,1007,3,144.78,104.61
50741,1034,2,170.37,116.05
50741,1027,2,96.91,64.14
50741,1002,1,103.94,89.18
50742,1004,1,29.05,22.94
50743,1038,1,109.74,83.69
50743,1034,3,170.37,116.05
50744,1029,1,16.48,10.34
50744,1011,1,174.67,116.54
50744,1021,2,26.77,21.04
50744,1038,2,109.74,83.69
50744,1017,2,80.92,65.35
50745,1000,3,57.92,48.07
50745,1021,1,26.77,21.04
50746,1012,2,158.43,100.73
50746,1025,3,132.87,95.3
50746,1015,1,40.83,26.09
50746,1027,3,96.91,64.14
50747,1022,1,58.79,38.6
50747,1026,2,33.93,27.96
50747,1031,1,30.5,24.61
50747,1037,1,19.21,16.23
50747,1011,3,174.67,116.54
50748,1008,2,103.49,74.13
50748,1029,1,16.48,10.34
50749,1005,3,33.22,22.94
50749,1009,3,106.58,86.43
50749,1008,2,103.49,74.13
50749,1000,2,57.92,48.07
50749,1035,1,144.8,97.97
50750,1036,2,59.93,40.03
50750,1037,1,19.21,16.23
50750,1012,2,158.43,100.73
50751,1007,1,144.78,104.61
50751,1002,1,103.94,89.18
50752,1032,3,14.38,12.48
50752,1034,3,170.37,116.05
50752,1015,1,40.83,26.09
50752,1025,2,132.87,95.3
50753,1035,3,144.8,97.97
50753,1029,1,16.48,10.34
50753,1003,3,115.15,73.85
50754,1032,3,14.38,12.48
50754,1017,1,80.92,65.35
50754,1009,3,106.58,86.43
50754,1003,1,115.15,73.85
50755,1023,1,61.77,47.13
50755,1012,2,158.43,100.73
50755,1002,2,103.94,89.18
50755,1038,3,109.74,83.69
50755,1025,2,132.87,95.3
50756,1036,3,59.93,40.03
50756,1015,1,40.83,26.09
50756,1012,1,158.43,100.73
50756,1002,1,103.94,89.18
50757,1022,1,58.79,38.6
50757,1008,1,103.49,74.13
50757,1025,1,132.87,95.3
50757,1039,1,66.86,55.62
50757,1034,3,170.37,116.05
50758,1012,3,158.43,100.73
50758,1005,3,33.22,22.94
50758,1028,2,86.55,73.13
50758,1006,3,15.07,11.68
50758,1003,2,115.15,73.85
50759,1019,2,49.9,38.49
50759,1016,3,47.58,39.99
50760,1001,2,156.96,114.33
50760,1016,1,47.58,39.99
50761,1027,2,96.91,64.14
50761,1012,2,158.43,100.73
50761,1034,2,170.37,116.05
50762,1034,3,170.37,116.05
50762,1028,3,86.55,73.13
50762,1002,3,103.94,89.18
50762,1015,3,40.83,26.09
50762,1031,3,30.5,24.61
50763,1004,1,29.05,22.94
50763,1015,1,40.83,26.09
50764,1011,2,174.67,116.54
50764,1005,3,33.22,22.94
50765,1014,1,36.77,25.91
50765,1035,3,144.8,97.97
50765,1025,1,132.87,95.3
50765,1030,2,112.12,74.87
50765,1017,2,80.92,65.35
50766,1021,3,26.77,21.04
50767,1020,1,99.84,75.36
50767,1011,1,174.67,116.54
50767,1002,1,103.94,89.18
50768,1014,3,36.77,25.91
50768,1024,1,73.33,57.45
50769,1012,1,158.43,100.73
50769,1010,1,11.69,7.37
50770,1011,3,174.67,116.54
50770,1008,3,103.49,74.13
50771,1016,1,47.58,39.99
50771,1035,1,144.8,97.97
50771,1013,1,45.68,29.42
50771,1000,2,57.92,48.07
50771,1037,2,19.21,16.23
50772,1009,3,106.58,86.43
50772,1031,3,30.5,24.61
50772,1014,1,36.77,25.91
50773,1030,2,112.12,74.87
50773,1037,3,19.21,16.23
50773,1034,1,170.37,116.05
50774,1005,2,33.22,22.94
50774,1004,1,29.05,22.94
50774,1032,1,14.38,12.48
50775,1025,2,132.87,95.3
50775,1002,1,103.94,89.18
50776,1023,2,61.77,47.13
50776,1033,1,173.12,114.12
50777,1038,3,109.74,83.69
50777,1009,2,106.58,86.43
50777,1016,3,47.58,39.99
50778,1008,2,103.49,74.13
50779,1038,3,109.74,83.69
50779,1035,2,144.8,97.97
50779,1027,3,96.91,64.14
50780,1007,3,144.78,104.61
50780,1004,1,29.05,22.94
50780,1031,3,30.5,24.61
50781,1034,1,170.37,116.05
50781,1035,3,144.8,97.97
50781,1017,3,80.92,65.35
50781,1027,2,96.91,64.14
50782,1033,2,173.12,114.12
50783,1039,2,66.86,55.62
50783,1030,2,112.12,74.87
50783,1009,1,106.58,86.43
50783,1006,1,15.07,11.68
50783,1025,3,132.87,95.3
50784,1026,3,33.93,27.96
50784,1011,3,174.67,116.54
50784,1029,3,16.48,10.34
50784,1038,2,109.74,83.69
50784,1002,2,103.94,89.18
50785,1034,2,170.37,116.05
50785,1017,3,80.92,65.35
50786,1019,2,49.9,38.49
50786,1007,1,144.78,104.61
50787,1017,2,80.92,65.35
50787,1003,2,115.15,73.85
50788,1006,1,15.07,11.68
50788,1036,2,59.93,40.03
50788,1002,3,103.94,89.18
50788,1022,1,58.79,38.6
50788,1017,3,80.92,65.35
50789,1001,3,156.96,114.33
50789,1028,2,86.55,73.13
50789,1007,3,144.78,104.61
50790,1012,2,158.43,100.73
50790,1039,3,66.86,55.62
50790,1005,3,33.22,22.94
50791,1037,1,19.21,16.23
50791,1023,1,61.77,47.13
50791,1004,3,29.05,22.94
50791,1005,2,33.22,22.94
50791,1028,3,86.55,73.13
50792,1015,3,40.83,26.09
50792,1003,3,115.15,73.85
50792,1033,3,173.12,114.12
50793,1002,1,103.94,89.18
50793,1039,1,66.86,55.62
50793,1003,3,115.15,73.85
50793,1023,3,61.77,47.13
50794,1011,1,174.67,116.54
50794,1014,1,36.77,25.91
50794,1003,3,115.15,73.85
50795,1025,2,132.87,95.3
50795,1035,2,144.8,97.97
50796,1034,3,170.37,116.05
50797,1023,2,61.77,47.13
50797,1037,2,19.21,16.23
50797,1033,1,173.12,114.12
50797,1008,3,103.49,74.13
50797,1014,2,36.77,25.91
50798,1022,2,58.79,38.6
50798,1021,3,26.77,21.04
50798,1038,3,109.74,83.69
50798,1032,1,14.38,12.48
50798,1006,1,15.07,11.68
50799,1007,2,144.78,104.61
50799,1008,1,103.49,74.13
50800,1031,3,30.5,24.61
50800,1033,1,173.12,114.12
50801,1003,1,115.15,73.85
50801,1028,2,86.55,73.13
50801,1014,2,36.77,25.91
50801,1032,3,14.38,12.48
50802,1015,3,40.83,26.09
50802,1011,2,174.67,116.54
50802,1004,3,29.05,22.94
50803,1027,2,96.91,64.14
50803,1035,1,144.8,97.97
50804,1021,3,26.77,21.04
50804,1014,2,36.77,25.91
50804,1003,3,115.15,73.85
50804,1005,3,33.22,22.94
50804,1033,3,173.12,114.12
50805,1005,2,33.22,22.94
50805,1034,3,170.37,116.05
50806,1004,1,29.05,22.94
50807,1004,1,29.05,22.94
50808,1018,1,63.98,54.67
50809,1022,3,58.79,38.6
50809,1003,1,115.15,73.85
50810,1021,1,26.77,21.04
50810,1035,3,144.8,97.97
50810,1036,2,59.93,40.03
50810,1006,3,15.07,11.68
50811,1024,2,73.33,57.45
50812,1035,2,144.8,97.97
50812,1010,1,11.69,7.37
50813,1000,1,57.92,48.07
50813,1035,1,144.8,97.97
50813,1013,2,45.68,29.42
50813,1014,2,36.77,25.91
50813,1039,2,66.86,55.62
50814,1037,1,19.21,16.23
50814,1006,1,15.07,11.68
50815,1034,2,170.37,116.05
50815,1022,1,58.79,38.6
50815,1010,1,11.69,7.37
50815,1004,3,29.05,22.94
50816,1024,1,73.33,57.45
50816,1018,2,63.98,54.67
50816,1000,3,57.92,48.07
50816,1010,1,11.69,7.37
50817,1034,3,170.37,116.05
50817,1037,1,19.21,16.23
50817,1039,2,66.86,55.62
50818,1001,1,156.96,114.33
50818,1024,1,73.33,57.45
50818,1032,1,14.38,12.48
50818,1020,2,99.84,75.36
50818,1016,1,47.58,39.99
50819,1030,3,112.12,74.87
50819,1005,1,33.22,22.94
50819,1032,3,14.38,12.48
50820,1017,1,80.92,65.35
50820,1026,1,33.93,27.96
50820,1035,3,144.8,97.97
50820,1016,3,47.58,39.99
50821,1009,3,106.58,86.43
50821,1000,3,57.92,48.07
50821,1002,2,103.94,89.18
50821,1021,2,26.77,21.04
50821,1037,3,19.21,16.23
50822,1022,3,58.79,38.6
50823,1029,1,16.48,10.34
50823,1019,2,49.9,38.49
50823,1010,1,11.69,7.37
50823,1017,3,80.92,65.35
50824,1000,1,57.92,48.07
50824,1022,3,58.79,38.6
50824,1023,2,61.77,47.13
50825,1019,3,49.9,38.49
50826,1020,3,99.84,75.36
50826,1012,3,158.43,100.73
50826,1032,2,14.38,12.48
50826,1003,2,115.15,73.85
50826,1002,3,103.94,89.18
50827,1036,2,59.93,40.03
50828,1023,2,61.77,47.13
50829,1014,3,36.77,25.91
50829,1010,1,11.69,7.37
50829,1035,3,144.8,97.97
50829,1001,1,156.96,114.33
50830,1027,3,96.91,64.14
50831,1009,2,106.58,86.43
50831,1024,3,73.33,57.45
50832,1018,3,63.98,54.67
50832,1017,3,80.92,65.35
50832,1015,3,40.83,26.09
50833,1022,3,58.79,38.6
50833,1002,3,103.94,89.18
50834,1030,3,112.12,74.87
50834,1005,2,33.22,22.94
50835,1035,3,144.8,97.97
50835,1001,1,156.96,114.33
50835,1007,3,144.78,104.61
50835,1025,2,132.87,95.3
50836,1031,1,30.5,24.61
50836,1034,3,170.37,116.05
50836,1028,2,86.55,73.13
50836,1037,2,19.21,16.23
50837,1008,2,103.49,74.13
50837,1003,1,115.15,73.85
50837,1023,2,61.77,47.13
50837,1027,1,96.91,64.14
50837,1021,2,26.77,21.04
50838,1022,2,58.79,38.6
50838,1000,2,57.92,48.07
50838,1008,1,103.49,74.13
50838,1006,2,15.07,11.68
50838,1013,3,45.68,29.42
50839,1034,3,170.37,116.05
50840,1002,3,103.94,89.18
50840,1035,1,144.8,97.97
50840,1020,3,99.84,75.36
50841,1018,2,63.98,54.67
50841,1008,2,103.49,74.13
50842,1030,3,112.12,74.87
50842,1021,2,26.77,21.04
50842,1028,1,86.55,73.13
50843,1019,1,49.9,38.49
50843,1003,1,115.15,73.85
50843,1031,3,30.5,24.61
50843,1011,3,174.67,116.54
50844,1039,1,66.86,55.62
50845,1011,2,174.67,116.54
50845,1009,3,106.58,86.43
50845,1012,2,158.43,100.73
50845,1013,1,45.68,29.42
50845,1037,2,19.21,16.23
50846,1009,3,106.58,86.43
50846,1000,2,57.92,48.07
50847,1004,2,29.05,22.94
50847,1001,1,156.96,114.33
50847,1020,3,99.84,75.36
50847,1023,3,61.77,47.13
50847,1012,1,158.43,100.73
50848,1003,1,115.15,73.85
50848,1017,2,80.92,65.35
50848,1031,1,30.5,24.61
50849,1037,3,19.21,16.23
50850,1000,1,57.92,48.07
50850,1033,1,173.12,114.12
50851,1027,1,96.91,64.14
50852,1020,3,99.84,75.36
50852,1010,1,11.69,7.37
50853,1018,3,63.98,54.67
50853,1027,3,96.91,64.14
50853,1009,1,106.58,86.43
50853,1019,3,49.9,38.49
50854,1039,2,66.86,55.62
50855,1030,2,112.12,74.87
50855,1021,2,26.77,21.04
50855,1008,2,103.49,74.13
50856,1019,2,49.9,38.49
50856,1008,3,103.49,74.13
50857,1009,3,106.58,86.43
50858,1011,1,174.67,116.54
50858,1012,3,158.43,100.73
50859,1007,1,144.78,104.61
50859,1021,3,26.77,21.04
50859,1035,2,144.8,97.97
50860,1021,2,26.77,21.04
50860,1015,1,40.83,26.09
50860,1038,1,109.74,83.69
50860,1017,3,80.92,65.35
50861,1039,2,66.86,55.62
50861,1026,1,33.93,27.96
50861,1033,2,173.12,114.12
50861,1018,2,63.98,54.67
50862,1034,1,170.37,116.05
50862,1033,1,173.12,114.12
50863,1030,3,112.12,74.87
50863,1020,3,99.84,75.36
50863,1036,1,59.93,40.03
50863,1022,1,58.79,38.6
50864,1017,2,80.92,65.35
50864,1015,2,40.83,26.09
50865,1025,2,132.87,95.3
50865,1012,2,158.43,100.73
50865,1010,1,11.69,7.37
50865,1036,1,59.93,40.03
50865,1002,1,103.94,89.18
50866,1002,2,103.94,89.18
50867,1016,1,47.58,39.99
50867,1010,2,11.69,7.37
50867,1037,1,19.21,16.23
50868,1020,1,99.84,75.36
50868,1038,2,109.74,83.69
50868,1032,1,14.38,12.48
50868,1000,1,57.92,48.07
50868,1023,1,61.77,47.13
50869,1005,3,33.22,22.94
50869,1007,3,144.78,104.61
50869,1006,2,15.07,11.68
50869,1001,3,156.96,114.33
50870,1030,2,112.12,74.87
50870,1004,2,29.05,22.94
50871,1029,3,16.48,10.34
50871,1008,3,103.49,74.13
50872,1000,2,57.92,48.07
50872,1021,1,26.77,21.04
50872,1026,1,33.93,27.96
50872,1027,2,96.91,64.14
50873,1029,1,16.48,10.34
50874,1035,2,144.8,97.97
50874,1019,1,49.9,38.49
50874,1014,1,36.77,25.91
50875,1011,2,174.67,116.54
50875,1004,1,29.05,22.94
50875,1000,1,57.92,48.07
50875,1024,2,73.33,57.45
50875,1031,2,30.5,24.61
50876,1039,2,66.86,55.62
50877,1028,3,86.55,73.13
50878,1020,1,99.84,75.36
50878,1021,3,26.77,21.04
50878,1015,3,40.83,26.09
50878,1024,3,73.33,57.45
50878,1026,2,33.93,27.96
50879,1011,1,174.67,116.54
50879,1024,3,73.33,57.45
50879,1035,2,144.8,97.97
50880,1019,2,49.9,38.49
50881,1022,3,58.79,38.6
50882,1019,1,49.9,38.49
50882,1036,3,59.93,40.03
50882,1013,1,45.68,29.42
50883,1037,1,19.21,16.23
50883,1009,2,106.58,86.43
50884,1015,3,40.83,26.09
50884,1029,1,16.48,10.34
50884,1027,3,96.91,64.14
50884,1034,2,170.37,116.05
50884,1023,2,61.77,47.13
50885,1028,2,86.55,73.13
50885,1020,2,99.84,75.36
50885,1019,1,49.9,38.49
50885,1016,2,47.58,39.99
50886,1008,3,103.49,74.13
50886,1022,2,58.79,38.6
50886,1007,2,144.78,104.61
50886,1001,1,156.96,114.33
50886,1006,2,15.07,11.68
50887,1000,3,57.92,48.07
50888,1035,1,144.8,97.97
50888,1023,1,61.77,47.13
50888,1030,2,112.12,74.87
50888,1022,1,58.79,38.6
50889,1017,3,80.92,65.35
50889,1020,1,99.84,75.36
50889,1038,2,109.74,83.69
50890,1004,1,29.05,22.94
50891,1026,1,33.93,27.96
50891,1032,2,14.38,12.48
50892,1031,2,30.5,24.61
50892,1007,2,144.78,104.61
50892,1038,2,109.74,83.69
50892,1032,1,14.38,12.48
50892,1023,1,61.77,47.13
50893,1000,1,57.92,48.07
50893,1021,3,26.77,21.04
50894,1037,3,19.21,16.23
50894,1023,1,61.77,47.13
50894,1026,2,33.93,27.96
50894,1012,3,158.43,100.73
50895,1039,1,66.86,55.62
50895,1032,1,14.38,12.48
50895,1008,3,103.49,74.13
50895,1004,3,29.05,22.94
50896,1039,2,66.86,55.62
50896,1004,3,29.05,22.94
50897,1036,2,59.93,40.03
50897,1008,3,103.49,74.13
50897,1016,3,47.58,39.99
50897,1031,1,30.5,24.61
50898,1006,1,15.07,11.68
50899,1002,1,103.94,89.18
50900,1014,1,36.77,25.91
50900,1033,3,173.12,114.12
50900,1026,3,33.93,27.96
50900,1032,2,14.38,12.48
50900,1003,3,115.15,73.85
50901,1037,1,19.21,16.23
50901,1034,3,170.37,116.05
50901,1001,3,156.96,114.33
50901,1022,3,58.79,38.6
50901,1027,1,96.91,64.14
50902,1023,3,61.77,47.13
50902,1003,2,115.15,73.85
50902,1036,1,59.93,40.03
50903,1038,2,109.74,83.69
50903,1001,2,156.96,114.33
50903,1011,3,174.67,116.54
50904,1014,2,36.77,25.91
50905,1033,1,173.12,114.12
50905,1002,2,103.94,89.18
50905,1000,3,57.92,48.07
50905,1015,3,40.83,26.09
50905,1024,3,73.33,57.45
50906,1004,3,29.05,22.94
50906,1026,1,33.93,27.96
50906,1036,1,59.93,40.03
50906,1014,2,36.77,25.91
50906,1015,2,40.83,26.09
50907,1033,1,173.12,114.12
50907,1004,2,29.05,22.94
50907,1001,2,156.96,114.33
50907,1003,3,115.15,73.85
50907,1024,2,73.33,57.45
50908,1016,3,47.58,39.99
50908,1038,3,109.74,83.69
50908,1029,3,16.48,10.34
50908,1012,1,158.43,100.73
50909,1002,3,103.94,89.18
50910,1018,1,63.98,54.67
50910,1007,1,144.78,104.61
50910,1029,1,16.48,10.34
50910,1009,3,106.58,86.43
50910,1005,3,33.22,22.94
50911,1025,2,132.87,95.3
50911,1023,3,61.77,47.13
50912,1036,3,59.93,40.03
50912,1004,2,29.05,22.94
50912,1022,1,58.79,38.6
50913,1014,2,36.77,25.91
50914,1004,3,29.05,22.94
50914,1024,2,73.33,57.45
50915,1000,3,57.92,48.07
50915,1029,1,16.48,10.34
50915,1014,3,36.77,25.91
50915,1019,1,49.9,38.49
50916,1039,2,66.86,55.62
50916,1007,3,144.78,104.61
50916,1029,2,16.48,10.34
50916,1036,1,59.93,40.03
50916,1017,3,80.92,65.35
50917,1030,2,112.12,74.87
50917,1006,2,15.07,11.68
50917,1001,3,156.96,114.33
50917,1023,1,61.77,47.13
50918,1020,1,99.84,75.36
50918,1000,1,57.92,48.07
50918,1017,3,80.92,65.35
50919,1009,3,106.58,86.43
50920,1013,1,45.68,29.42
50920,1026,3,33.93,27.96
50920,1023,1,61.77,47.13
50921,1014,1,36.77,25.91
50921,1001,3,156.96,114.33
50922,1022,3,58.79,38.6
50922,1024,2,73.33,57.45
50922,1017,3,80.92,65.35
50923,1023,2,61.77,47.13
50923,1032,1,14.38,12.48
50923,1031,2,30.5,24.61
50924,1004,3,29.05,22.94
50924,1028,3,86.55,73.13
50924,1018,2,63.98,54.67
50924,1025,2,132.87,95.3
50925,1039,3,66.86,55.62
50926,1032,1,14.38,12.48
50926,1017,3,80.92,65.35
50927,1028,2,86.55,73.13
50927,1001,2,156.96,114.33
50927,1000,3,57.92,48.07
50927,1021,3,26.77,21.04
50927,1031,2,30.5,24.61
50928,1006,1,15.07,11.68
50928,1016,3,47.58,39.99
50928,1021,2,26.77,21.04
50929,1021,1,26.77,21.04
50929,1023,1,61.77,47.13
50929,1026,3,33.93,27.96
50930,1026,3,33.93,27.96
50930,1031,2,30.5,24.61
50930,1006,2,15.07,11.68
50930,1027,1,96.91,64.14
50931,1008,1,103.49,74.13
50931,1028,3,86.55,73.13
50932,1009,1,106.58,86.43
50932,1025,2,132.87,95.3
50933,1030,1,112.12,74.87
50933,1018,1,63.98,54.67
50934,1028,3,86.55,73.13
50934,1037,2,19.21,16.23
50934,1009,1,106.58,86.43
50934,1000,1,57.92,48.07
50935,1010,2,11.69,7.37
50935,1016,1,47.58,39.99
50935,1033,2,173.12,114.12
50936,1018,3,63.98,54.67
50936,1034,1,170.37,116.05
50936,1013,1,45.68,29.42
50936,1023,1,61.77,47.13
50937,1035,1,144.8,97.97
50937,1024,3,73.33,57.45
50937,1017,2,80.92,65.35
50937,1000,3,57.92,48.07
50938,1007,3,144.78,104.61
50938,1033,2,173.12,114.12
50939,1019,3,49.9,38.49
50939,1016,2,47.58,39.99
50939,1012,1,158.43,100.73
50939,1028,3,86.55,73.13
50939,1011,1,174.67,116.54
50940,1036,3,59.93,40.03
50940,1022,2,58.79,38.6
50940,1030,1,112.12,74.87
50940,1031,1,30.5,24.61
50941,1016,1,47.58,39.99
50941,1019,2,49.9,38.49
50941,1036,1,59.93,40.03
50942,1014,3,36.77,25.91
50942,1015,1,40.83,26.09
50942,1011,2,174.67,116.54
50942,1035,3,144.8,97.97
50942,1023,2,61.77,47.13
50943,1036,2,59.93,40.03
50943,1025,3,132.87,95.3
50943,1012,3,158.43,100.73
50943,1002,3,103.94,89.18
50943,1020,3,99.84,75.36
50944,1001,2,156.96,114.33
50945,1005,3,33.22,22.94
50945,1021,1,26.77,21.04
50945,1027,3,96.91,64.14
50946,1026,2,33.93,27.96
50946,1000,2,57.92,48.07
50946,1038,2,109.74,83.69
50946,1018,3,63.98,54.67
50946,1003,1,115.15,73.85
50947,1007,2,144.78,104.61
50948,1018,2,63.98,54.67
50948,1020,3,99.84,75.36
50948,1003,3,115.15,73.85
50948,1002,3,103.94,89.18
50948,1028,3,86.55,73.13
50949,1019,1,49.9,38.49
50949,1013,3,45.68,29.42
50949,1036,3,59.93,40.03
50949,1011,2,174.67,116.54
50950,1003,2,115.15,73.85
50950,1033,3,173.12,114.12
50950,1006,1,15.07,11.68
50951,1020,3,99.84,75.36
50951,1022,3,58.79,38.6
50951,1023,2,61.77,47.13
50951,1025,3,132.87,95.3
50952,1024,2,73.33,57.45
50952,1020,2,99.84,75.36
50953,1036,2,59.93,40.03
50954,1031,3,30.5,24.61
50954,1017,3,80.92,65.35
50954,1008,3,103.49,74.13
50955,1022,1,58.79,38.6
50955,1034,1,170.37,116.05
50956,1036,3,59.93,40.03
50956,1010,2,11.69,7.37
50957,1018,1,63.98,54.67
50957,1007,1,144.78,104.61
50957,1034,3,170.37,116.05
50958,1031,1,30.5,24.61
50958,1032,2,14.38,12.48
50958,1017,2,80.92,65.35
50958,1025,1,132.87,95.3
50959,1010,3,11.69,7.37
50959,1019,2,49.9,38.49
50959,1030,1,112.12,74.87
50959,1027,1,96.91,64.14
50960,1005,3,33.22,22.94
50960,1038,1,109.74,83.69
50960,1020,1,99.84,75.36
50960,1036,3,59.93,40.03
50960,1027,3,96.91,64.14
50961,1000,2,57.92,48.07
50961,1035,2,144.8,97.97
50961,1017,2,80.92,65.35
50962,1029,2,16.48,10.34
50962,1036,2,59.93,40.03
50963,1001,2,156.96,114.33
50964,1033,1,173.12,114.12
50964,1038,1,109.74,83.69
50964,1000,3,57.92,48.07
50964,1039,2,66.86,55.62
50965,1011,1,174.67,116.54
50965,1014,1,36.77,25.91
50966,1019,3,49.9,38.49
50966,1022,1,58.79,38.6
50966,1011,3,174.67,116.54
50966,1017,2,80.92,65.35
50967,1003,2,115.15,73.85
50967,1018,1,63.98,54.67
50967,1025,1,132.87,95.3
50968,1037,1,19.21,16.23
50968,1012,2,158.43,100.73
50968,1026,1,33.93,27.96
50968,1004,2,29.05,22.94
50969,1039,3,66.86,55.62
50969,1003,3,115.15,73.85
50969,1013,1,45.68,29.42
50969,1012,1,158.43,100.73
50970,1008,3,103.49,74.13
50970,1012,3,158.43,100.73
50970,1006,2,15.07,11.68
50971,1011,1,174.67,116.54
50971,1006,3,15.07,11.68
50971,1002,3,103.94,89.18
50971,1017,1,80.92,65.35
50971,1022,1,58.79,38.6
50972,1020,2,99.84,75.36
50972,1032,1,14.38,12.48
50972,1039,1,66.86,55.62
50972,1010,2,11.69,7.37
50973,1029,1,16.48,10.34
50973,1003,3,115.15,73.85
50973,1026,1,33.93,27.96
50974,1000,3,57.92,48.07
50974,1012,3,158.43,100.73
50975,1035,1,144.8,97.97
50975,1023,1,61.77,47.13
50976,1016,2,47.58,39.99
50976,1031,1,30.5,24.61
50977,1013,3,45.68,29.42
50977,1020,1,99.84,75.36
50978,1025,3,132.87,95.3
50978,1006,2,15.07,11.68
50979,1030,1,112.12,74.87
50979,1019,2,49.9,38.49
50979,1029,2,16.48,10.34
50979,1036,3,59.93,40.03
50980,1007,1,144.78,104.61
50980,1036,1,59.93,40.03
50980,1029,2,16.48,10.34
50980,1004,2,29.05,22.94
50980,1012,2,158.43,100.73
50981,1032,3,14.38,12.48
50981,1023,1,61.77,47.13
50982,1031,2,30.5,24.61
50983,1030,2,112.12,74.87
50983,1022,2,58.79,38.6
50984,1029,2,16.48,10.34
50984,1039,2,66.86,55.62
50984,1000,2,57.92,48.07
50985,1038,1,109.74,83.69
50985,1027,3,96.91,64.14
50985,1037,3,19.21,16.23
50985,1021,1,26.77,21.04
50986,1014,2,36.77,25.91
50986,1028,3,86.55,73.13
50987,1005,1,33.22,22.94
50987,1026,1,33.93,27.96
50988,1025,2,132.87,95.3
50988,1037,1,19.21,16.23
50988,1004,3,29.05,22.94
50988,1023,1,61.77,47.13
50988,1028,2,86.55,73.13
50989,1016,1,47.58,39.99
50989,1005,1,33.22,22.94
50989,1039,3,66.86,55.62
50989,1038,1,109.74,83.69
50990,1006,2,15.07,11.68
50990,1008,2,103.49,74.13
50990,1023,1,61.77,47.13
50990,1003,3,115.15,73.85
50991,1033,1,173.12,114.12
50992,1021,2,26.77,21.04
50992,1015,1,40.83,26.09
50993,1020,2,99.84,75.36
50993,1016,2,47.58,39.99
50993,1000,2,57.92,48.07
50993,1021,2,26.77,21.04
50994,1008,2,103.49,74.13
50994,1013,3,45.68,29.42
50994,1010,1,11.69,7.37
50994,1034,3,170.37,116.05
50995,1028,3,86.55,73.13
50995,1021,2,26.77,21.04
50995,1012,1,158.43,100.73
50996,1025,3,132.87,95.3
50997,1033,1,173.12,114.12
50997,1036,1,59.93,40.03
50997,1008,3,103.49,74.13
50997,1002,3,103.94,89.18
50997,1029,2,16.48,10.34
50998,1026,1,33.93,27.96
50999,1000,2,57.92,48.07
51000,1034,1,170.37,116.05
51000,1024,1,73.33,57.45
51000,1016,2,47.58,39.99
51001,1037,2,19.21,16.23
51001,1031,2,30.5,24.61
51002,1007,3,144.78,104.61
51002,1022,3,58.79,38.6
51003,1004,1,29.05,22.94
51003,1036,2,59.93,40.03
51003,1023,1,61.77,47.13
51003,1008,2,103.49,74.13
51004,1025,3,132.87,95.3
51004,1030,3,112.12,74.87
51005,1034,2,170.37,116.05
51005,1035,3,144.8,97.97
51005,1003,2,115.15,73.85
51005,1008,1,103.49,74.13
51006,1026,3,33.93,27.96
51006,1015,2,40.83,26.09
51006,1004,1,29.05,22.94
51006,1003,2,115.15,73.85
51007,1016,1,47.58,39.99
51007,1039,1,66.86,55.62
51007,1014,2,36.77,25.91
51007,1015,2,40.83,26.09
51008,1007,1,144.78,104.61
51008,1031,1,30.5,24.61
51009,1029,3,16.48,10.34
51010,1034,3,170.37,116.05
51010,1010,3,11.69,7.37
51010,1012,3,158.43,100.73
51010,1025,2,132.87,95.3
51010,1035,1,144.8,97.97
51011,1004,1,29.05,22.94
51011,1035,2,144.8,97.97
51012,1038,2,109.74,83.69
51012,1019,1,49.9,38.49
51013,1030,2,112.12,74.87
51013,1004,1,29.05,22.94
51014,1009,1,106.58,86.43
51014,1000,3,57.92,48.07
51014,1021,2,26.77,21.04
51014,1012,2,158.43,100.73
51015,1026,1,33.93,27.96
51015,1021,1,26.77,21.04
51016,1007,2,144.78,104.61
51016,1026,1,33.93,27.96
51016,1038,3,109.74,83.69
51016,1010,1,11.69,7.37
51016,1011,1,174.67,116.54
51017,1037,2,19.21,16.23
51017,1026,2,33.93,27.96
51018,1029,3,16.48,10.34
51018,1022,1,58.79,38.6
51018,1002,1,103.94,89.18
51018,1000,2,57.92,48.07
51018,1009,3,106.58,86.43
51019,1012,2,158.43,100.73
51019,1035,2,144.8,97.97
51020,1003,1,115.15,73.85
51020,1029,2,16.48,10.34
51020,1005,3,33.22,22.94
51020,1020,3,99.84,75.36
51021,1003,1,115.15,73.85
51021,1019,2,49.9,38.49
51021,1024,3,73.33,57.45
51021,1016,1,47.58,39.99
51022,1011,2,174.67,116.54
51023,1022,2,58.79,38.6
51023,1020,1,99.84,75.36
51023,1008,3,103.49,74.13
51024,1001,1,156.96,114.33
51025,1025,3,132.87,95.3
51025,1003,3,115.15,73.85
51025,1005,2,33.22,22.94
51025,1014,2,36.77,25.91
51025,1037,1,19.21,16.23
51026,1019,2,49.9,38.49
51026,1021,1,26.77,21.04
51026,1003,1,115.15,73.85
51026,1028,1,86.55,73.13
51026,1012,3,158.43,100.73
51027,1014,2,36.77,25.91
51027,1025,2,132.87,95.3
51027,1039,1,66.86,55.62
51027,1028,2,86.55,73.13
51028,1004,1,29.05,22.94
51028,1033,3,173.12,114.12
51028,1027,3,96.91,64.14
51029,1026,3,33.93,27.96
51029,1001,2,156.96,114.33
51029,1002,1,103.94,89.18
51029,1031,3,30.5,24.61
51030,1008,2,103.49,74.13
51030,1022,3,58.79,38.6
51030,1006,1,15.07,11.68
51030,1031,2,30.5,24.61
51030,1030,2,112.12,74.87
51031,1000,3,57.92,48.07
51031,1008,3,103.49,74.13
51031,1014,1,36.77,25.91
51031,1015,3,40.83,26.09
51031,1033,1,173.12,114.12
51032,1026,1,33.93,27.96
51033,1008,3,103.49,74.13
51033,1007,2,144.78,104.61
51033,1037,1,19.21,16.23
51034,1035,1,144.8,97.97
51034,1039,3,66.86,55.62
51034,1024,3,73.33,57.45
51034,1022,2,58.79,38.6
51034,1020,3,99.84,75.36
51035,1018,3,63.98,54.67
51035,1000,2,57.92,48.07
51035,1017,3,80.92,65.35
51035,1024,1,73.33,57.45
51036,1017,1,80.92,65.35
51037,1026,3,33.93,27.96
51038,1031,2,30.5,24.61
51039,1034,2,170.37,116.05
51040,1021,3,26.77,21.04
51040,1030,1,112.12,74.87
51040,1009,3,106.58,86.43
51040,1027,3,96.91,64.14
51040,1008,2,103.49,74.13
51041,1008,1,103.49,74.13
51042,1007,3,144.78,104.61
51042,1018,3,63.98,54.67
51042,1005,2,33.22,22.94
51042,1026,3,33.93,27.96
51042,1008,1,103.49,74.13
51043,1019,1,49.9,38.49
51043,1009,3,106.58,86.43
51044,1023,2,61.77,47.13
51044,1019,1,49.9,38.49
51044,1039,1,66.86,55.62
51045,1010,1,11.69,7.37
51045,1000,3,57.92,48.07
51046,1034,3,170.37,116.05
51047,1009,1,106.58,86.43
51047,1034,3,170.37,116.05
51047,1005,1,33.22,22.94
51047,1010,1,11.69,7.37
51047,1017,1,80.92,65.35
51048,1018,1,63.98,54.67
51048,1030,1,112.12,74.87
51048,1022,1,58.79,38.6
51049,1032,2,14.38,12.48
51049,1024,1,73.33,57.45
51049,1001,2,156.96,114.33
51049,1022,1,58.79,38.6
51049,1036,2,59.93,40.03
51050,1037,2,19.21,16.23
51051,1010,2,11.69,7.37
51051,1027,2,96.91,64.14
51051,1033,1,173.12,114.12
51051,1036,3,59.93,40.03
51052,1008,1,103.49,74.13
51053,1036,2,59.93,40.03
51053,1004,1,29.05,22.94
51053,1022,3,58.79,38.6
51053,1029,3,16.48,10.34
51054,1019,1,49.9,38.49
51054,1012,1,158.43,100.73
51054,1023,1,61.77,47.13
51054,1000,3,57.92,48.07
51055,1012,1,158.43,100.73
51055,1016,2,47.58,39.99
51055,1029,1,16.48,10.34
51056,1036,1,59.93,40.03
51057,1034,3,170.37,116.05
51057,1007,1,144.78,104.61
51058,1006,1,15.07,11.68
51059,1016,3,47.58,39.99
51060,1012,2,158.43,100.73
51060,1027,2,96.91,64.14
51060,1020,2,99.84,75.36
51060,1030,1,112.12,74.87
51061,1038,2,109.74,83.69
51061,1019,2,49.9,38.49
51061,1037,2,19.21,16.23
51062,1031,3,30.5,24.61
51062,1016,2,47.58,39.99
51062,1000,2,57.92,48.07
51062,1028,1,86.55,73.13
51062,1038,1,109.74,83.69
51063,1005,3,33.22,22.94
51063,1000,3,57.92,48.07
51063,1035,1,144.8,97.97
51064,1027,1,96.91,64.14
51064,1022,3,58.79,38.6
51064,1020,1,99.84,75.36
51064,1033,3,173.12,114.12
51065,1016,2,47.58,39.99
51065,1029,2,16.48,10.34
51065,1023,3,61.77,47.13
51066,1008,1,103.49,74.13
51066,1018,1,63.98,54.67
51066,1029,3,16.48,10.34
51067,1018,3,63.98,54.67
51067,1033,1,173.12,114.12
51067,1023,2,61.77,47.13
51067,1003,1,115.15,73.85
51068,1003,2,115.15,73.85
51068,1033,1,173.12,114.12
51069,1001,2,156.96,114.33
51069,1011,2,174.67,116.54
51069,1008,3,103.49,74.13
51069,1036,3,59.93,40.03
51069,1027,3,96.91,64.14
51070,1024,3,73.33,57.45
51071,1024,2,73.33,57.45
51071,1005,3,33.22,22.94
51071,1038,3,109.74,83.69
51072,1008,2,103.49,74.13
51072,1017,2,80.92,65.35
51072,1021,3,26.77,21.04
51072,1005,1,33.22,22.94
51073,1014,3,36.77,25.91
51073,1024,3,73.33,57.45
51074,1011,3,174.67,116.54
51074,1004,3,29.05,22.94
51074,1038,1,109.74,83.69
51074,1002,1,103.94,89.18
51074,1026,1,33.93,27.96
51075,1015,3,40.83,26.09
51075,1020,2,99.84,75.36
51075,1019,1,49.9,38.49
51075,1001,1,156.96,114.33
51075,1034,2,170.37,116.05
51076,1004,1,29.05,22.94
51076,1006,3,15.07,11.68
51076,1008,3,103.49,74.13
51076,1012,2,158.43,100.73
51077,1036,3,59.93,40.03
51077,1028,3,86.55,73.13
51077,1025,1,132.87,95.3
51078,1008,2,103.49,74.13
51078,1021,3,26.77,21.04
51078,1004,1,29.05,22.94
51078,1023,3,61.77,47.13
51079,1038,3,109.74,83.69
51079,1010,2,11.69,7.37
51079,1018,1,63.98,54.67
51080,1015,2,40.83,26.09
51080,1012,1,158.43,100.73
51081,1036,1,59.93,40.03
51081,1034,2,170.37,116.05
51081,1018,1,63.98,54.67
51081,1012,1,158.43,100.73
51081,1035,3,144.8,97.97
51082,1019,1,49.9,38.49
51082,1005,3,33.22,22.94
51082,1029,2,16.48,10.34
51083,1036,3,59.93,40.03
51083,1021,2,26.77,21.04
51083,1013,1,45.68,29.42
51083,1020,2,99.84,75.36
51083,1039,2,66.86,55.62
51084,1017,3,80.92,65.35
51084,1035,3,144.8,97.97
51085,1028,1,86.55,73.13
51085,1038,1,109.74,83.69
51085,1000,1,57.92,48.07
51085,1005,1,33.22,22.94
51086,1032,2,14.38,12.48
51087,1024,3,73.33,57.45
51087,1025,3,132.87,95.3
51087,1011,1,174.67,116.54
51088,1037,1,19.21,16.23
51088,1014,1,36.77,25.91
51088,1009,2,106.58,86.43
51088,1000,2,57.92,48.07
51088,1024,1,73.33,57.45
51089,1016,2,47.58,39.99
51089,1035,3,144.8,97.97
51089,1022,2,58.79,38.6
51089,1006,2,15.07,11.68
51090,1000,3,57.92,48.07
51090,1004,1,29.05,22.94
51090,1016,3,47.58,39.99
51090,1005,3,33.22,22.94
51091,1013,3,45.68,29.42
51091,1015,3,40.83,26.09
51091,1021,2,26.77,21.04
51091,1004,1,29.05,22.94
51092,1008,3,103.49,74.13
51093,1027,2,96.91,64.14
51093,1006,3,15.07,11.68
51093,1003,3,115.15,73.85
51094,1015,1,40.83,26.09
51094,1011,1,174.67,116.54
51094,1025,2,132.87,95.3
51094,1027,1,96.91,64.14
51094,1024,1,73.33,57.45
51095,1008,2,103.49,74.13
51096,1003,1,115.15,73.85
51097,1028,2,86.55,73.13
51097,1022,2,58.79,38.6
51097,1016,2,47.58,39.99
51098,1000,2,57.92,48.07
51099,1029,1,16.48,10.34
51099,1009,2,106.58,86.43
51099,1011,2,174.67,116.54
51100,1016,2,47.58,39.99
51100,1008,2,103.49,74.13
51100,1015,2,40.83,26.09
51100,1024,2,73.33,57.45
51100,1000,2,57.92,48.07
51101,1011,1,174.67,116.54
51101,1022,3,58.79,38.6
51101,1015,2,40.83,26.09
51101,1034,3,170.37,116.05
51102,1013,2,45.68,29.42
51102,1024,2,73.33,57.45
51102,1023,2,61.77,47.13
51103,1033,1,173.12,114.12
51103,1037,1,19.21,16.23
51103,1032,1,14.38,12.48
51103,1022,1,58.79,38.6
51104,1005,2,33.22,22.94
51104,1013,2,45.68,29.42
51104,1028,2,86.55,73.13
51105,1001,1,156.96,114.33
51105,1034,3,170.37,116.05
51105,1031,1,30.5,24.61
51106,1021,3,26.77,21.04
51106,1028,2,86.55,73.13
51106,1022,1,58.79,38.6
51106,1001,1,156.96,114.33
51106,1010,3,11.69,7.37
51107,1019,3,49.9,38.49
51107,1000,3,57.92,48.07
51107,1015,1,40.83,26.09
51108,1010,1,11.69,7.37
51108,1009,3,106.58,86.43
51108,1035,2,144.8,97.97
51108,1021,1,26.77,21.04
51109,1030,3,112.12,74.87
51110,1018,2,63.98,54.67
51110,1031,1,30.5,24.61
51111,1006,3,15.07,11.68
51111,1023,2,61.77,47.13
51111,1026,2,33.93,27.96
51111,1030,3,112.12,74.87
51111,1020,1,99.84,75.36
51112,1032,1,14.38,12.48
51112,1036,2,59.93,40.03
51112,1004,2,29.05,22.94
51112,1014,3,36.77,25.91
51113,1038,3,109.74,83.69
51113,1035,2,144.8,97.97
51114,1002,1,103.94,89.18
51114,1033,1,173.12,114.12
51114,1023,2,61.77,47.13
51115,1037,2,19.21,16.23
51115,1006,2,15.07,11.68
51115,1028,2,86.55,73.13
51115,1027,2,96.91,64.14
51115,1001,2,156.96,114.33
51116,1000,1,57.92,48.07
51116,1036,3,59.93,40.03
51116,1012,1,158.43,100.73
51116,1035,1,144.8,97.97
51116,1039,3,66.86,55.62
51117,1013,2,45.68,29.42
51117,1014,3,36.77,25.91
51117,1028,1,86.55,73.13
51117,1018,1,63.98,54.67
51117,1002,1,103.94,89.18
51118,1032,2,14.38,12.48
51118,1031,1,30.5,24.61
51119,1010,3,11.69,7.37
51120,1012,2,158.43,100.73
51120,1029,1,16.48,10.34
51120,1035,2,144.8,97.97
51121,1016,2,47.58,39.99
51121,1011,1,174.67,116.54
51121,1035,3,144.8,97.97
51121,1029,2,16.48,10.34
51122,1022,2,58.79,38.6
51123,1001,1,156.96,114.33
51123,1015,3,40.83,26.09
51123,1032,1,14.38,12.48
51123,1027,2,96.91,64.14
51124,1017,3,80.92,65.35
51125,1023,1,61.77,47.13
51125,1017,3,80.92,65.35
51125,1007,1,144.78,104.61
51125,1018,1,63.98,54.67
51125,1000,1,57.92,48.07
51126,1037,3,19.21,16.23
51126,1001,3,156.96,114.33
51127,1013,3,45.68,29.42
51127,1017,3,80.92,65.35
51128,1028,2,86.55,73.13
51128,1029,2,16.48,10.34
51129,1030,2,112.12,74.87
51129,1011,2,174.67,116.54
51129,1036,1,59.93,40.03
51129,1006,2,15.07,11.68
51130,1017,3,80.92,65.35
51131,1028,1,86.55,73.13
51131,1003,2,115.15,73.85
51131,1038,1,109.74,83.69
51131,1006,1,15.07,11.68
51132,1025,1,132.87,95.3
51132,1030,1,112.12,74.87
51132,1009,2,106.58,86.43
51132,1022,2,58.79,38.6
51132,1014,1,36.77,25.91
51133,1039,1,66.86,55.62
51133,1012,2,158.43,100.73
51134,1006,2,15.07,11.68
51134,1015,3,40.83,26.09
51134,1031,2,30.5,24.61
51134,1017,1,80.92,65.35
51134,1020,1,99.84,75.36
51135,1001,3,156.96,114.33
51135,1037,3,19.21,16.23
51136,1010,3,11.69,7.37
51136,1029,2,16.48,10.34
51137,1036,1,59.93,40.03
51137,1026,1,33.93,27.96
51137,1016,3,47.58,39.99
51137,1013,1,45.68,29.42
51137,1024,2,73.33,57.45
51138,1002,1,103.94,89.18
51138,1018,1,63.98,54.67
51139,1014,3,36.77,25.91
51140,1035,2,144.8,97.97
51141,1035,3,144.8,97.97
51142,1013,1,45.68,29.42
51142,1004,1,29.05,22.94
51142,1011,3,174.67,116.54
51143,1027,3,96.91,64.14
51144,1033,2,173.12,114.12
51144,1012,2,158.43,100.73
51144,1001,1,156.96,114.33
51145,1011,1,174.67,116.54
51145,1009,1,106.58,86.43
51145,1012,3,158.43,100.73
51146,1008,2,103.49,74.13
51146,1029,2,16.48,10.34
51146,1021,1,26.77,21.04
51146,1020,1,99.84,75.36
51146,1007,3,144.78,104.61
51147,1017,1,80.92,65.35
51147,1034,3,170.37,116.05
51148,1037,3,19.21,16.23
51148,1029,2,16.48,10.34
51148,1006,2,15.07,11.68
51148,1024,1,73.33,57.45
51148,1015,1,40.83,26.09
51149,1007,1,144.78,104.61
51149,1005,3,33.22,22.94
51150,1010,3,11.69,7.37
51150,1037,3,19.21,16.23
51150,1007,1,144.78,104.61
51151,1029,2,16.48,10.34
51152,1026,3,33.93,27.96
51152,1019,1,49.9,38.49
51152,1037,3,19.21,16.23
51152,1036,3,59.93,40.03
51153,1018,1,63.98,54.67
51153,1030,2,112.12,74.87
51153,1024,3,73.33,57.45
51153,1006,2,15.07,11.68
51153,1012,3,158.43,100.73
51154,1001,3,156.96,114.33
51154,1010,3,11.69,7.37
51154,1036,2,59.93,40.03
51154,1027,3,96.91,64.14
51154,1004,3,29.05,22.94
51155,1013,1,45.68,29.42
51155,1025,1,132.87,95.3
51155,1017,3,80.92,65.35
51155,1036,3,59.93,40.03
51156,1037,1,19.21,16.23
51156,1030,2,112.12,74.87
51156,1006,3,15.07,11.68
51157,1007,3,144.78,104.61
51157,1009,3,106.58,86.43
51157,1036,2,59.93,40.03
51158,1004,1,29.05,22.94
51159,1029,2,16.48,10.34
51159,1013,2,45.68,29.42
51160,1001,2,156.96,114.33
51161,1023,2,61.77,47.13
51161,1032,3,14.38,12.48
51161,1005,1,33.22,22.94
51161,1025,1,132.87,95.3
51162,1025,2,132.87,95.3
51162,1023,3,61.77,47.13
51163,1012,1,158.43,100.73
51164,1033,3,173.12,114.12
51165,1015,1,40.83,26.09
51165,1008,1,103.49,74.13
51165,1016,2,47.58,39.99
51165,1019,3,49.9,38.49
51166,1032,3,14.38,12.48
51167,1006,3,15.07,11.68
51167,1011,1,174.67,116.54
51167,1015,2,40.83,26.09
51167,1009,3,106.58,86.43
51168,1026,1,33.93,27.96
51168,1036,3,59.93,40.03
51169,1038,3,109.74,83.69
51170,1000,1,57.92,48.07
51170,1031,1,30.5,24.61
51171,1027,1,96.91,64.14
51171,1004,1,29.05,22.94
51171,1024,3,73.33,57.45
